label,R,G,B,C,C-R,C-G,C-B,R-G,R-B,G-B
yellow,472,600,381,1335,863,735,954,-128,91,219
yellow,472,600,381,1335,863,735,954,-128,91,219
yellow,472,600,381,1335,863,735,954,-128,91,219
yellow,472,600,381,1335,863,735,954,-128,91,219
yellow,472,600,381,1335,863,735,954,-128,91,219
yellow,472,600,381,1335,863,735,954,-128,91,219
yellow,472,600,381,1335,863,735,954,-128,91,219
yellow,472,600,381,1335,863,735,954,-128,91,219
yellow,409,546,334,1210,801,664,876,-137,75,212
yellow,409,546,334,1210,801,664,876,-137,75,212
yellow,409,546,334,1210,801,664,876,-137,75,212
yellow,409,546,334,1210,801,664,876,-137,75,212
yellow,409,546,334,1210,801,664,876,-137,75,212
yellow,409,546,334,1210,801,664,876,-137,75,212
yellow,409,546,334,1210,801,664,876,-137,75,212
yellow,409,546,334,1210,801,664,876,-137,75,212
yellow,409,546,334,1210,801,664,876,-137,75,212
yellow,409,546,334,1210,801,664,876,-137,75,212
yellow,280,327,222,682,402,355,460,-47,58,105
yellow,280,327,222,682,402,355,460,-47,58,105
yellow,280,327,222,682,402,355,460,-47,58,105
yellow,280,327,222,682,402,355,460,-47,58,105
yellow,280,327,222,682,402,355,460,-47,58,105
yellow,280,327,222,682,402,355,460,-47,58,105
yellow,280,327,222,682,402,355,460,-47,58,105
yellow,280,327,222,682,402,355,460,-47,58,105
yellow,280,327,222,682,402,355,460,-47,58,105
yellow,280,327,222,682,402,355,460,-47,58,105
yellow,472,600,381,1335,863,735,954,-128,91,219
yellow,472,600,381,1335,863,735,954,-128,91,219
yellow,472,600,381,1335,863,735,954,-128,91,219
yellow,472,600,381,1335,863,735,954,-128,91,219
yellow,472,600,381,1335,863,735,954,-128,91,219
yellow,472,600,381,1335,863,735,954,-128,91,219
yellow,472,600,381,1335,863,735,954,-128,91,219
yellow,472,600,381,1335,863,735,954,-128,91,219
yellow,472,600,381,1335,863,735,954,-128,91,219
yellow,472,600,381,1335,863,735,954,-128,91,219
yellow,557,717,450,1656,1099,939,1206,-160,107,267
yellow,557,717,450,1656,1099,939,1206,-160,107,267
yellow,557,717,450,1656,1099,939,1206,-160,107,267
yellow,557,717,450,1656,1099,939,1206,-160,107,267
yellow,557,717,450,1656,1099,939,1206,-160,107,267
yellow,557,717,450,1656,1099,939,1206,-160,107,267
yellow,557,717,450,1656,1099,939,1206,-160,107,267
yellow,557,717,450,1656,1099,939,1206,-160,107,267
yellow,557,717,450,1656,1099,939,1206,-160,107,267
yellow,557,717,450,1656,1099,939,1206,-160,107,267
yellow,633,804,489,1824,1191,1020,1335,-171,144,315
yellow,633,804,489,1824,1191,1020,1335,-171,144,315
yellow,633,804,489,1824,1191,1020,1335,-171,144,315
yellow,633,804,489,1824,1191,1020,1335,-171,144,315
yellow,633,804,489,1824,1191,1020,1335,-171,144,315
yellow,633,804,489,1824,1191,1020,1335,-171,144,315
yellow,633,804,489,1824,1191,1020,1335,-171,144,315
yellow,633,804,489,1824,1191,1020,1335,-171,144,315
yellow,633,804,489,1824,1191,1020,1335,-171,144,315
yellow,633,804,489,1824,1191,1020,1335,-171,144,315
yellow,681,893,514,2076,1395,1183,1562,-212,167,379
yellow,681,893,514,2076,1395,1183,1562,-212,167,379
yellow,681,893,514,2076,1395,1183,1562,-212,167,379
yellow,681,893,514,2076,1395,1183,1562,-212,167,379
yellow,681,893,514,2076,1395,1183,1562,-212,167,379
yellow,681,893,514,2076,1395,1183,1562,-212,167,379
yellow,681,893,514,2076,1395,1183,1562,-212,167,379
yellow,681,893,514,2076,1395,1183,1562,-212,167,379
yellow,681,893,514,2076,1395,1183,1562,-212,167,379
yellow,681,893,514,2076,1395,1183,1562,-212,167,379
yellow,631,810,497,1836,1205,1026,1339,-179,134,313
yellow,631,810,497,1836,1205,1026,1339,-179,134,313
yellow,631,810,497,1836,1205,1026,1339,-179,134,313
yellow,631,810,497,1836,1205,1026,1339,-179,134,313
yellow,631,810,497,1836,1205,1026,1339,-179,134,313
yellow,631,810,497,1836,1205,1026,1339,-179,134,313
yellow,631,810,497,1836,1205,1026,1339,-179,134,313
yellow,631,810,497,1836,1205,1026,1339,-179,134,313
yellow,631,810,497,1836,1205,1026,1339,-179,134,313
yellow,631,810,497,1836,1205,1026,1339,-179,134,313
yellow,681,893,514,2076,1395,1183,1562,-212,167,379
yellow,681,893,514,2076,1395,1183,1562,-212,167,379
yellow,681,893,514,2076,1395,1183,1562,-212,167,379
yellow,681,893,514,2076,1395,1183,1562,-212,167,379
yellow,681,893,514,2076,1395,1183,1562,-212,167,379
yellow,681,893,514,2076,1395,1183,1562,-212,167,379
yellow,681,893,514,2076,1395,1183,1562,-212,167,379
yellow,681,893,514,2076,1395,1183,1562,-212,167,379
yellow,681,893,514,2076,1395,1183,1562,-212,167,379
yellow,681,893,514,2076,1395,1183,1562,-212,167,379
yellow,1449,2034,1149,4854,3405,2820,3705,-585,300,885
yellow,1449,2034,1149,4854,3405,2820,3705,-585,300,885
yellow,1449,2034,1149,4854,3405,2820,3705,-585,300,885
yellow,1449,2034,1149,4854,3405,2820,3705,-585,300,885
yellow,1449,2034,1149,4854,3405,2820,3705,-585,300,885
yellow,1449,2034,1149,4854,3405,2820,3705,-585,300,885
yellow,1449,2034,1149,4854,3405,2820,3705,-585,300,885
yellow,1449,2034,1149,4854,3405,2820,3705,-585,300,885
yellow,1449,2034,1149,4854,3405,2820,3705,-585,300,885
yellow,1449,2034,1149,4854,3405,2820,3705,-585,300,885
yellow,1916,2806,1589,6598,4682,3792,5009,-890,327,1217
yellow,1916,2806,1589,6598,4682,3792,5009,-890,327,1217
yellow,1916,2806,1589,6598,4682,3792,5009,-890,327,1217
yellow,1916,2806,1589,6598,4682,3792,5009,-890,327,1217
yellow,1916,2806,1589,6598,4682,3792,5009,-890,327,1217
yellow,1916,2806,1589,6598,4682,3792,5009,-890,327,1217
yellow,1916,2806,1589,6598,4682,3792,5009,-890,327,1217
yellow,1916,2806,1589,6598,4682,3792,5009,-890,327,1217
yellow,1916,2806,1589,6598,4682,3792,5009,-890,327,1217
yellow,1916,2806,1589,6598,4682,3792,5009,-890,327,1217
yellow,1461,2168,1159,5057,3596,2889,3898,-707,302,1009
yellow,1461,2168,1159,5057,3596,2889,3898,-707,302,1009
yellow,1461,2168,1159,5057,3596,2889,3898,-707,302,1009
yellow,1461,2168,1159,5057,3596,2889,3898,-707,302,1009
yellow,1461,2168,1159,5057,3596,2889,3898,-707,302,1009
yellow,1461,2168,1159,5057,3596,2889,3898,-707,302,1009
yellow,1461,2168,1159,5057,3596,2889,3898,-707,302,1009
yellow,1461,2168,1159,5057,3596,2889,3898,-707,302,1009
yellow,1461,2168,1159,5057,3596,2889,3898,-707,302,1009
yellow,1461,2168,1159,5057,3596,2889,3898,-707,302,1009
yellow,1916,2806,1589,6598,4682,3792,5009,-890,327,1217
yellow,1916,2806,1589,6598,4682,3792,5009,-890,327,1217
yellow,1916,2806,1589,6598,4682,3792,5009,-890,327,1217
yellow,1916,2806,1589,6598,4682,3792,5009,-890,327,1217
yellow,1916,2806,1589,6598,4682,3792,5009,-890,327,1217
yellow,1916,2806,1589,6598,4682,3792,5009,-890,327,1217
yellow,1916,2806,1589,6598,4682,3792,5009,-890,327,1217
yellow,1916,2806,1589,6598,4682,3792,5009,-890,327,1217
yellow,1916,2806,1589,6598,4682,3792,5009,-890,327,1217
yellow,1916,2806,1589,6598,4682,3792,5009,-890,327,1217
yellow,1916,2806,1589,6598,4682,3792,5009,-890,327,1217
yellow,1916,2806,1589,6598,4682,3792,5009,-890,327,1217
yellow,1916,2806,1589,6598,4682,3792,5009,-890,327,1217
yellow,1916,2806,1589,6598,4682,3792,5009,-890,327,1217
yellow,1916,2806,1589,6598,4682,3792,5009,-890,327,1217
yellow,1916,2806,1589,6598,4682,3792,5009,-890,327,1217
yellow,1916,2806,1589,6598,4682,3792,5009,-890,327,1217
yellow,1916,2806,1589,6598,4682,3792,5009,-890,327,1217
yellow,1916,2806,1589,6598,4682,3792,5009,-890,327,1217
yellow,1916,2806,1589,6598,4682,3792,5009,-890,327,1217
yellow,1935,2980,1623,6855,4920,3875,5232,-1045,312,1357
yellow,1935,2980,1623,6855,4920,3875,5232,-1045,312,1357
yellow,1935,2980,1623,6855,4920,3875,5232,-1045,312,1357
yellow,1935,2980,1623,6855,4920,3875,5232,-1045,312,1357
yellow,1935,2980,1623,6855,4920,3875,5232,-1045,312,1357
yellow,1935,2980,1623,6855,4920,3875,5232,-1045,312,1357
yellow,1935,2980,1623,6855,4920,3875,5232,-1045,312,1357
yellow,1935,2980,1623,6855,4920,3875,5232,-1045,312,1357
yellow,1935,2980,1623,6855,4920,3875,5232,-1045,312,1357
yellow,1935,2980,1623,6855,4920,3875,5232,-1045,312,1357
yellow,1935,2806,1589,6598,4663,3792,5009,-871,346,1217
yellow,1935,2806,1589,6598,4663,3792,5009,-871,346,1217
yellow,1935,2806,1589,6598,4663,3792,5009,-871,346,1217
yellow,1935,2806,1589,6598,4663,3792,5009,-871,346,1217
yellow,1935,2806,1589,6598,4663,3792,5009,-871,346,1217
yellow,1935,2806,1589,6598,4663,3792,5009,-871,346,1217
yellow,1935,2806,1589,6598,4663,3792,5009,-871,346,1217
yellow,1935,2806,1589,6598,4663,3792,5009,-871,346,1217
yellow,1935,2806,1589,6598,4663,3792,5009,-871,346,1217
yellow,1935,2806,1589,6598,4663,3792,5009,-871,346,1217
yellow,1764,2768,1568,6437,4673,3669,4869,-1004,196,1200
yellow,1764,2768,1568,6437,4673,3669,4869,-1004,196,1200
yellow,1764,2768,1568,6437,4673,3669,4869,-1004,196,1200
yellow,1764,2768,1568,6437,4673,3669,4869,-1004,196,1200
yellow,1764,2768,1568,6437,4673,3669,4869,-1004,196,1200
yellow,1764,2768,1568,6437,4673,3669,4869,-1004,196,1200
yellow,1764,2768,1568,6437,4673,3669,4869,-1004,196,1200
yellow,1764,2768,1568,6437,4673,3669,4869,-1004,196,1200
yellow,1764,2768,1568,6437,4673,3669,4869,-1004,196,1200
yellow,1764,2768,1568,6437,4673,3669,4869,-1004,196,1200
yellow,1701,2613,1473,6063,4362,3450,4590,-912,228,1140
yellow,1701,2613,1473,6063,4362,3450,4590,-912,228,1140
yellow,1701,2613,1473,6063,4362,3450,4590,-912,228,1140
yellow,1701,2613,1473,6063,4362,3450,4590,-912,228,1140
yellow,1701,2613,1473,6063,4362,3450,4590,-912,228,1140
yellow,1701,2613,1473,6063,4362,3450,4590,-912,228,1140
yellow,1701,2613,1473,6063,4362,3450,4590,-912,228,1140
yellow,1701,2613,1473,6063,4362,3450,4590,-912,228,1140
yellow,1701,2613,1473,6063,4362,3450,4590,-912,228,1140
yellow,1701,2613,1473,6063,4362,3450,4590,-912,228,1140
yellow,1764,2768,1568,6437,4673,3669,4869,-1004,196,1200
yellow,1764,2768,1568,6437,4673,3669,4869,-1004,196,1200
yellow,1764,2768,1568,6437,4673,3669,4869,-1004,196,1200
yellow,1764,2768,1568,6437,4673,3669,4869,-1004,196,1200
yellow,1764,2768,1568,6437,4673,3669,4869,-1004,196,1200
yellow,1764,2768,1568,6437,4673,3669,4869,-1004,196,1200
yellow,1764,2768,1568,6437,4673,3669,4869,-1004,196,1200
yellow,1764,2768,1568,6437,4673,3669,4869,-1004,196,1200
yellow,1764,2768,1568,6437,4673,3669,4869,-1004,196,1200
yellow,1764,2768,1568,6437,4673,3669,4869,-1004,196,1200
yellow,1764,2768,1568,6437,4673,3669,4869,-1004,196,1200
yellow,1764,2768,1568,6437,4673,3669,4869,-1004,196,1200
yellow,1764,2768,1568,6437,4673,3669,4869,-1004,196,1200
yellow,1764,2768,1568,6437,4673,3669,4869,-1004,196,1200
yellow,1764,2768,1568,6437,4673,3669,4869,-1004,196,1200
yellow,1764,2768,1568,6437,4673,3669,4869,-1004,196,1200
yellow,1764,2768,1568,6437,4673,3669,4869,-1004,196,1200
yellow,1764,2768,1568,6437,4673,3669,4869,-1004,196,1200
yellow,1764,2768,1568,6437,4673,3669,4869,-1004,196,1200
yellow,1764,2768,1568,6437,4673,3669,4869,-1004,196,1200
yellow,1911,3373,1994,7820,5909,4447,5826,-1462,-83,1379
yellow,1911,3373,1994,7820,5909,4447,5826,-1462,-83,1379
yellow,1911,3373,1994,7820,5909,4447,5826,-1462,-83,1379
yellow,1911,3373,1994,7820,5909,4447,5826,-1462,-83,1379
yellow,1911,3373,1994,7820,5909,4447,5826,-1462,-83,1379
yellow,1911,3373,1994,7820,5909,4447,5826,-1462,-83,1379
yellow,1911,3373,1994,7820,5909,4447,5826,-1462,-83,1379
yellow,1911,3373,1994,7820,5909,4447,5826,-1462,-83,1379
yellow,1911,3373,1994,7820,5909,4447,5826,-1462,-83,1379
yellow,1911,3373,1994,7820,5909,4447,5826,-1462,-83,1379
yellow,1911,3373,1994,7820,5909,4447,5826,-1462,-83,1379
yellow,1911,3373,1994,7820,5909,4447,5826,-1462,-83,1379
yellow,1911,3373,1994,7820,5909,4447,5826,-1462,-83,1379
yellow,1911,3373,1994,7820,5909,4447,5826,-1462,-83,1379
yellow,1911,3373,1994,7820,5909,4447,5826,-1462,-83,1379
yellow,1911,3373,1994,7820,5909,4447,5826,-1462,-83,1379
yellow,1911,3373,1994,7820,5909,4447,5826,-1462,-83,1379
yellow,1911,3373,1994,7820,5909,4447,5826,-1462,-83,1379
yellow,1911,3373,1994,7820,5909,4447,5826,-1462,-83,1379
yellow,1911,3373,1994,7820,5909,4447,5826,-1462,-83,1379
yellow,1911,3373,1994,7820,5909,4447,5826,-1462,-83,1379
yellow,1911,3373,1994,7820,5909,4447,5826,-1462,-83,1379
yellow,1911,3373,1994,7820,5909,4447,5826,-1462,-83,1379
yellow,1911,3373,1994,7820,5909,4447,5826,-1462,-83,1379
yellow,1911,3373,1994,7820,5909,4447,5826,-1462,-83,1379
yellow,1911,3373,1994,7820,5909,4447,5826,-1462,-83,1379
yellow,1911,3373,1994,7820,5909,4447,5826,-1462,-83,1379
yellow,1911,3373,1994,7820,5909,4447,5826,-1462,-83,1379
yellow,1911,3373,1994,7820,5909,4447,5826,-1462,-83,1379
yellow,1911,3373,1994,7820,5909,4447,5826,-1462,-83,1379
yellow,1911,3373,1994,7820,5909,4447,5826,-1462,-83,1379
yellow,1911,3373,1994,7820,5909,4447,5826,-1462,-83,1379
yellow,1911,3373,1994,7820,5909,4447,5826,-1462,-83,1379
yellow,1911,3373,1994,7820,5909,4447,5826,-1462,-83,1379
yellow,1911,3373,1994,7820,5909,4447,5826,-1462,-83,1379
yellow,1911,3373,1994,7820,5909,4447,5826,-1462,-83,1379
yellow,1911,3373,1994,7820,5909,4447,5826,-1462,-83,1379
yellow,1911,3373,1994,7820,5909,4447,5826,-1462,-83,1379
yellow,1911,3373,1994,7820,5909,4447,5826,-1462,-83,1379
yellow,1911,3373,1994,7820,5909,4447,5826,-1462,-83,1379
yellow,1911,3373,1994,7820,5909,4447,5826,-1462,-83,1379
yellow,1911,3373,1994,7820,5909,4447,5826,-1462,-83,1379
yellow,1911,3373,1994,7820,5909,4447,5826,-1462,-83,1379
yellow,1911,3373,1994,7820,5909,4447,5826,-1462,-83,1379
yellow,1911,3373,1994,7820,5909,4447,5826,-1462,-83,1379
yellow,1911,3373,1994,7820,5909,4447,5826,-1462,-83,1379
yellow,1911,3373,1994,7820,5909,4447,5826,-1462,-83,1379
yellow,1911,3373,1994,7820,5909,4447,5826,-1462,-83,1379
yellow,1911,3373,1994,7820,5909,4447,5826,-1462,-83,1379
yellow,1911,3373,1994,7820,5909,4447,5826,-1462,-83,1379
yellow,1789,2515,1355,5884,4095,3369,4529,-726,434,1160
yellow,1789,2515,1355,5884,4095,3369,4529,-726,434,1160
yellow,1789,2515,1355,5884,4095,3369,4529,-726,434,1160
yellow,1789,2515,1355,5884,4095,3369,4529,-726,434,1160
yellow,1789,2515,1355,5884,4095,3369,4529,-726,434,1160
yellow,1789,2515,1355,5884,4095,3369,4529,-726,434,1160
yellow,1789,2515,1355,5884,4095,3369,4529,-726,434,1160
yellow,1789,2515,1355,5884,4095,3369,4529,-726,434,1160
yellow,1789,2515,1355,5884,4095,3369,4529,-726,434,1160
yellow,1789,2515,1355,5884,4095,3369,4529,-726,434,1160
yellow,1581,2222,1191,5217,3636,2995,4026,-641,390,1031
yellow,1581,2222,1191,5217,3636,2995,4026,-641,390,1031
yellow,1581,2222,1191,5217,3636,2995,4026,-641,390,1031
yellow,1581,2222,1191,5217,3636,2995,4026,-641,390,1031
yellow,1581,2222,1191,5217,3636,2995,4026,-641,390,1031
yellow,1581,2222,1191,5217,3636,2995,4026,-641,390,1031
yellow,1581,2222,1191,5217,3636,2995,4026,-641,390,1031
yellow,1581,2222,1191,5217,3636,2995,4026,-641,390,1031
yellow,1581,2222,1191,5217,3636,2995,4026,-641,390,1031
yellow,1581,2222,1191,5217,3636,2995,4026,-641,390,1031
yellow,1581,2222,1191,5217,3636,2995,4026,-641,390,1031
yellow,1581,2222,1191,5217,3636,2995,4026,-641,390,1031
yellow,1581,2222,1191,5217,3636,2995,4026,-641,390,1031
yellow,1581,2222,1191,5217,3636,2995,4026,-641,390,1031
yellow,1581,2222,1191,5217,3636,2995,4026,-641,390,1031
yellow,1581,2222,1191,5217,3636,2995,4026,-641,390,1031
yellow,1581,2222,1191,5217,3636,2995,4026,-641,390,1031
yellow,1581,2222,1191,5217,3636,2995,4026,-641,390,1031
yellow,1581,2222,1191,5217,3636,2995,4026,-641,390,1031
yellow,1581,2222,1191,5217,3636,2995,4026,-641,390,1031
yellow,1581,2222,1191,5217,3636,2995,4026,-641,390,1031
yellow,1581,2222,1191,5217,3636,2995,4026,-641,390,1031
yellow,1581,2222,1191,5217,3636,2995,4026,-641,390,1031
yellow,1581,2222,1191,5217,3636,2995,4026,-641,390,1031
yellow,1581,2222,1191,5217,3636,2995,4026,-641,390,1031
yellow,1581,2222,1191,5217,3636,2995,4026,-641,390,1031
yellow,1581,2222,1191,5217,3636,2995,4026,-641,390,1031
yellow,1581,2222,1191,5217,3636,2995,4026,-641,390,1031
yellow,1581,2222,1191,5217,3636,2995,4026,-641,390,1031
yellow,1581,2222,1191,5217,3636,2995,4026,-641,390,1031
yellow,1732,2515,1355,5884,4152,3369,4529,-783,377,1160
yellow,1732,2515,1355,5884,4152,3369,4529,-783,377,1160
yellow,1732,2515,1355,5884,4152,3369,4529,-783,377,1160
yellow,1732,2515,1355,5884,4152,3369,4529,-783,377,1160
yellow,1732,2515,1355,5884,4152,3369,4529,-783,377,1160
yellow,1732,2515,1355,5884,4152,3369,4529,-783,377,1160
yellow,1732,2515,1355,5884,4152,3369,4529,-783,377,1160
yellow,1732,2515,1355,5884,4152,3369,4529,-783,377,1160
yellow,1732,2515,1355,5884,4152,3369,4529,-783,377,1160
yellow,1732,2515,1355,5884,4152,3369,4529,-783,377,1160
yellow,1787,2624,1376,6095,4308,3471,4719,-837,411,1248
yellow,1787,2624,1376,6095,4308,3471,4719,-837,411,1248
yellow,1787,2624,1376,6095,4308,3471,4719,-837,411,1248
yellow,1787,2624,1376,6095,4308,3471,4719,-837,411,1248
yellow,1787,2624,1376,6095,4308,3471,4719,-837,411,1248
yellow,1787,2624,1376,6095,4308,3471,4719,-837,411,1248
yellow,1787,2624,1376,6095,4308,3471,4719,-837,411,1248
yellow,1787,2624,1376,6095,4308,3471,4719,-837,411,1248
yellow,1787,2624,1376,6095,4308,3471,4719,-837,411,1248
yellow,1787,2624,1376,6095,4308,3471,4719,-837,411,1248
yellow,1732,2624,1376,6095,4363,3471,4719,-892,356,1248
yellow,1732,2624,1376,6095,4363,3471,4719,-892,356,1248
yellow,1732,2624,1376,6095,4363,3471,4719,-892,356,1248
yellow,1732,2624,1376,6095,4363,3471,4719,-892,356,1248
yellow,1732,2624,1376,6095,4363,3471,4719,-892,356,1248
yellow,1732,2624,1376,6095,4363,3471,4719,-892,356,1248
yellow,1732,2624,1376,6095,4363,3471,4719,-892,356,1248
yellow,1732,2624,1376,6095,4363,3471,4719,-892,356,1248
yellow,1732,2624,1376,6095,4363,3471,4719,-892,356,1248
yellow,1732,2624,1376,6095,4363,3471,4719,-892,356,1248
yellow,1732,2624,1376,6095,4363,3471,4719,-892,356,1248
yellow,1732,2624,1376,6095,4363,3471,4719,-892,356,1248
yellow,1732,2624,1376,6095,4363,3471,4719,-892,356,1248
yellow,1732,2624,1376,6095,4363,3471,4719,-892,356,1248
yellow,1732,2624,1376,6095,4363,3471,4719,-892,356,1248
yellow,1732,2624,1376,6095,4363,3471,4719,-892,356,1248
yellow,1732,2624,1376,6095,4363,3471,4719,-892,356,1248
yellow,1732,2624,1376,6095,4363,3471,4719,-892,356,1248
yellow,1732,2624,1376,6095,4363,3471,4719,-892,356,1248
yellow,1732,2624,1376,6095,4363,3471,4719,-892,356,1248
yellow,1732,2624,1376,6095,4363,3471,4719,-892,356,1248
yellow,1732,2624,1376,6095,4363,3471,4719,-892,356,1248
yellow,1732,2624,1376,6095,4363,3471,4719,-892,356,1248
yellow,1732,2624,1376,6095,4363,3471,4719,-892,356,1248
yellow,1732,2624,1376,6095,4363,3471,4719,-892,356,1248
yellow,1732,2624,1376,6095,4363,3471,4719,-892,356,1248
yellow,1732,2624,1376,6095,4363,3471,4719,-892,356,1248
yellow,1732,2624,1376,6095,4363,3471,4719,-892,356,1248
yellow,1732,2624,1376,6095,4363,3471,4719,-892,356,1248
yellow,1694,2497,1364,5834,4140,3337,4470,-803,330,1133
yellow,1694,2497,1364,5834,4140,3337,4470,-803,330,1133
yellow,1694,2497,1364,5834,4140,3337,4470,-803,330,1133
yellow,1694,2497,1364,5834,4140,3337,4470,-803,330,1133
yellow,1694,2497,1364,5834,4140,3337,4470,-803,330,1133
yellow,1694,2497,1364,5834,4140,3337,4470,-803,330,1133
yellow,1694,2497,1364,5834,4140,3337,4470,-803,330,1133
yellow,1694,2497,1364,5834,4140,3337,4470,-803,330,1133
yellow,1694,2497,1364,5834,4140,3337,4470,-803,330,1133
yellow,1694,2497,1364,5834,4140,3337,4470,-803,330,1133
yellow,1694,2425,1313,5664,3970,3239,4351,-731,381,1112
yellow,1694,2425,1313,5664,3970,3239,4351,-731,381,1112
yellow,1694,2425,1313,5664,3970,3239,4351,-731,381,1112
yellow,1694,2425,1313,5664,3970,3239,4351,-731,381,1112
yellow,1694,2425,1313,5664,3970,3239,4351,-731,381,1112
yellow,1694,2425,1313,5664,3970,3239,4351,-731,381,1112
yellow,1694,2425,1313,5664,3970,3239,4351,-731,381,1112
yellow,1694,2425,1313,5664,3970,3239,4351,-731,381,1112
yellow,1694,2425,1313,5664,3970,3239,4351,-731,381,1112
yellow,1694,2425,1313,5664,3970,3239,4351,-731,381,1112
yellow,1694,2425,1313,5664,3970,3239,4351,-731,381,1112
yellow,1694,2425,1313,5664,3970,3239,4351,-731,381,1112
yellow,1694,2425,1313,5664,3970,3239,4351,-731,381,1112
yellow,1694,2425,1313,5664,3970,3239,4351,-731,381,1112
yellow,1694,2425,1313,5664,3970,3239,4351,-731,381,1112
yellow,1694,2425,1313,5664,3970,3239,4351,-731,381,1112
yellow,1694,2425,1313,5664,3970,3239,4351,-731,381,1112
yellow,1694,2425,1313,5664,3970,3239,4351,-731,381,1112
yellow,1694,2425,1313,5664,3970,3239,4351,-731,381,1112
yellow,1694,2425,1313,5664,3970,3239,4351,-731,381,1112
yellow,1471,2265,1253,5337,3866,3072,4084,-794,218,1012
yellow,1471,2265,1253,5337,3866,3072,4084,-794,218,1012
yellow,1471,2265,1253,5337,3866,3072,4084,-794,218,1012
yellow,1471,2265,1253,5337,3866,3072,4084,-794,218,1012
yellow,1471,2265,1253,5337,3866,3072,4084,-794,218,1012
yellow,1471,2265,1253,5337,3866,3072,4084,-794,218,1012
yellow,1471,2265,1253,5337,3866,3072,4084,-794,218,1012
yellow,1471,2265,1253,5337,3866,3072,4084,-794,218,1012
yellow,1471,2265,1253,5337,3866,3072,4084,-794,218,1012
yellow,1471,2265,1253,5337,3866,3072,4084,-794,218,1012
yellow,1694,2425,1313,5664,3970,3239,4351,-731,381,1112
yellow,1694,2425,1313,5664,3970,3239,4351,-731,381,1112
yellow,1694,2425,1313,5664,3970,3239,4351,-731,381,1112
yellow,1694,2425,1313,5664,3970,3239,4351,-731,381,1112
yellow,1694,2425,1313,5664,3970,3239,4351,-731,381,1112
yellow,1694,2425,1313,5664,3970,3239,4351,-731,381,1112
yellow,1694,2425,1313,5664,3970,3239,4351,-731,381,1112
yellow,1694,2425,1313,5664,3970,3239,4351,-731,381,1112
yellow,1694,2425,1313,5664,3970,3239,4351,-731,381,1112
yellow,1694,2425,1313,5664,3970,3239,4351,-731,381,1112
yellow,1694,2497,1364,5834,4140,3337,4470,-803,330,1133
yellow,1694,2497,1364,5834,4140,3337,4470,-803,330,1133
yellow,1694,2497,1364,5834,4140,3337,4470,-803,330,1133
yellow,1694,2497,1364,5834,4140,3337,4470,-803,330,1133
yellow,1694,2497,1364,5834,4140,3337,4470,-803,330,1133
yellow,1694,2497,1364,5834,4140,3337,4470,-803,330,1133
yellow,1694,2497,1364,5834,4140,3337,4470,-803,330,1133
yellow,1694,2497,1364,5834,4140,3337,4470,-803,330,1133
yellow,1694,2497,1364,5834,4140,3337,4470,-803,330,1133
yellow,1694,2497,1364,5834,4140,3337,4470,-803,330,1133
yellow,1694,2497,1364,5834,4140,3337,4470,-803,330,1133
yellow,1694,2497,1364,5834,4140,3337,4470,-803,330,1133
yellow,1694,2497,1364,5834,4140,3337,4470,-803,330,1133
yellow,1694,2497,1364,5834,4140,3337,4470,-803,330,1133
yellow,1694,2497,1364,5834,4140,3337,4470,-803,330,1133
yellow,1694,2497,1364,5834,4140,3337,4470,-803,330,1133
yellow,1694,2497,1364,5834,4140,3337,4470,-803,330,1133
yellow,1694,2497,1364,5834,4140,3337,4470,-803,330,1133
yellow,1694,2497,1364,5834,4140,3337,4470,-803,330,1133
yellow,1694,2497,1364,5834,4140,3337,4470,-803,330,1133
yellow,1659,2467,1350,5774,4115,3307,4424,-808,309,1117
yellow,1659,2467,1350,5774,4115,3307,4424,-808,309,1117
yellow,1659,2467,1350,5774,4115,3307,4424,-808,309,1117
yellow,1659,2467,1350,5774,4115,3307,4424,-808,309,1117
yellow,1659,2467,1350,5774,4115,3307,4424,-808,309,1117
yellow,1659,2467,1350,5774,4115,3307,4424,-808,309,1117
yellow,1659,2467,1350,5774,4115,3307,4424,-808,309,1117
yellow,1659,2467,1350,5774,4115,3307,4424,-808,309,1117
yellow,1659,2467,1350,5774,4115,3307,4424,-808,309,1117
yellow,1659,2467,1350,5774,4115,3307,4424,-808,309,1117
yellow,1659,2467,1350,5774,4115,3307,4424,-808,309,1117
yellow,1659,2467,1350,5774,4115,3307,4424,-808,309,1117
yellow,1659,2467,1350,5774,4115,3307,4424,-808,309,1117
yellow,1659,2467,1350,5774,4115,3307,4424,-808,309,1117
yellow,1659,2467,1350,5774,4115,3307,4424,-808,309,1117
yellow,1659,2467,1350,5774,4115,3307,4424,-808,309,1117
yellow,1659,2467,1350,5774,4115,3307,4424,-808,309,1117
yellow,1659,2467,1350,5774,4115,3307,4424,-808,309,1117
yellow,1659,2467,1350,5774,4115,3307,4424,-808,309,1117
yellow,1659,2467,1350,5774,4115,3307,4424,-808,309,1117
yellow,1659,2467,1350,5774,4115,3307,4424,-808,309,1117
yellow,1659,2467,1350,5774,4115,3307,4424,-808,309,1117
yellow,1659,2467,1350,5774,4115,3307,4424,-808,309,1117
yellow,1659,2467,1350,5774,4115,3307,4424,-808,309,1117
yellow,1659,2467,1350,5774,4115,3307,4424,-808,309,1117
yellow,1659,2467,1350,5774,4115,3307,4424,-808,309,1117
yellow,1659,2467,1350,5774,4115,3307,4424,-808,309,1117
yellow,1659,2467,1350,5774,4115,3307,4424,-808,309,1117
yellow,1659,2467,1350,5774,4115,3307,4424,-808,309,1117
yellow,1659,2467,1350,5774,4115,3307,4424,-808,309,1117
yellow,1902,2920,1602,6713,4811,3793,5111,-1018,300,1318
yellow,1902,2920,1602,6713,4811,3793,5111,-1018,300,1318
yellow,1902,2920,1602,6713,4811,3793,5111,-1018,300,1318
yellow,1902,2920,1602,6713,4811,3793,5111,-1018,300,1318
yellow,1902,2920,1602,6713,4811,3793,5111,-1018,300,1318
yellow,1902,2920,1602,6713,4811,3793,5111,-1018,300,1318
yellow,1902,2920,1602,6713,4811,3793,5111,-1018,300,1318
yellow,1902,2920,1602,6713,4811,3793,5111,-1018,300,1318
yellow,1902,2920,1602,6713,4811,3793,5111,-1018,300,1318
yellow,1902,2920,1602,6713,4811,3793,5111,-1018,300,1318
yellow,1902,2920,1389,6469,4567,3549,5080,-1018,513,1531
yellow,1902,2920,1389,6469,4567,3549,5080,-1018,513,1531
yellow,1902,2920,1389,6469,4567,3549,5080,-1018,513,1531
yellow,1902,2920,1389,6469,4567,3549,5080,-1018,513,1531
yellow,1902,2920,1389,6469,4567,3549,5080,-1018,513,1531
yellow,1902,2920,1389,6469,4567,3549,5080,-1018,513,1531
yellow,1902,2920,1389,6469,4567,3549,5080,-1018,513,1531
yellow,1902,2920,1389,6469,4567,3549,5080,-1018,513,1531
yellow,1902,2920,1389,6469,4567,3549,5080,-1018,513,1531
yellow,1659,2467,1350,5774,4115,3307,4424,-808,309,1117
yellow,1659,2467,1350,5774,4115,3307,4424,-808,309,1117
yellow,1659,2467,1350,5774,4115,3307,4424,-808,309,1117
yellow,1659,2467,1350,5774,4115,3307,4424,-808,309,1117
yellow,1659,2467,1350,5774,4115,3307,4424,-808,309,1117
yellow,1659,2467,1350,5774,4115,3307,4424,-808,309,1117
yellow,1659,2467,1350,5774,4115,3307,4424,-808,309,1117
yellow,1659,2467,1350,5774,4115,3307,4424,-808,309,1117
yellow,1659,2467,1350,5774,4115,3307,4424,-808,309,1117
yellow,1659,2467,1350,5774,4115,3307,4424,-808,309,1117
yellow,1555,2369,1162,5297,3742,2928,4135,-814,393,1207
yellow,1555,2369,1162,5297,3742,2928,4135,-814,393,1207
yellow,1555,2369,1162,5297,3742,2928,4135,-814,393,1207
yellow,1555,2369,1162,5297,3742,2928,4135,-814,393,1207
yellow,1555,2369,1162,5297,3742,2928,4135,-814,393,1207
yellow,1555,2369,1162,5297,3742,2928,4135,-814,393,1207
yellow,1555,2369,1162,5297,3742,2928,4135,-814,393,1207
yellow,1555,2369,1162,5297,3742,2928,4135,-814,393,1207
yellow,1555,2369,1162,5297,3742,2928,4135,-814,393,1207
yellow,1555,2369,1162,5297,3742,2928,4135,-814,393,1207
yellow,1665,2636,1389,6089,4424,3453,4700,-971,276,1247
yellow,1665,2636,1389,6089,4424,3453,4700,-971,276,1247
yellow,1665,2636,1389,6089,4424,3453,4700,-971,276,1247
yellow,1665,2636,1389,6089,4424,3453,4700,-971,276,1247
yellow,1665,2636,1389,6089,4424,3453,4700,-971,276,1247
yellow,1665,2636,1389,6089,4424,3453,4700,-971,276,1247
yellow,1665,2636,1389,6089,4424,3453,4700,-971,276,1247
yellow,1665,2636,1389,6089,4424,3453,4700,-971,276,1247
yellow,1665,2636,1389,6089,4424,3453,4700,-971,276,1247
yellow,1665,2636,1389,6089,4424,3453,4700,-971,276,1247
yellow,1665,2636,1389,6089,4424,3453,4700,-971,276,1247
yellow,1665,2636,1389,6089,4424,3453,4700,-971,276,1247
yellow,1665,2636,1389,6089,4424,3453,4700,-971,276,1247
yellow,1665,2636,1389,6089,4424,3453,4700,-971,276,1247
yellow,1665,2636,1389,6089,4424,3453,4700,-971,276,1247
yellow,1665,2636,1389,6089,4424,3453,4700,-971,276,1247
yellow,1665,2636,1389,6089,4424,3453,4700,-971,276,1247
yellow,1665,2636,1389,6089,4424,3453,4700,-971,276,1247
yellow,1665,2636,1389,6089,4424,3453,4700,-971,276,1247
yellow,1665,2636,1389,6089,4424,3453,4700,-971,276,1247
yellow,1494,2369,1100,5297,3803,2928,4197,-875,394,1269
yellow,1494,2369,1100,5297,3803,2928,4197,-875,394,1269
yellow,1494,2369,1100,5297,3803,2928,4197,-875,394,1269
yellow,1494,2369,1100,5297,3803,2928,4197,-875,394,1269
yellow,1494,2369,1100,5297,3803,2928,4197,-875,394,1269
yellow,1494,2369,1100,5297,3803,2928,4197,-875,394,1269
yellow,1494,2369,1100,5297,3803,2928,4197,-875,394,1269
yellow,1494,2369,1100,5297,3803,2928,4197,-875,394,1269
yellow,1494,2369,1100,5297,3803,2928,4197,-875,394,1269
yellow,1494,2369,1100,5297,3803,2928,4197,-875,394,1269
yellow,1461,2192,1100,5103,3642,2911,4003,-731,361,1092
yellow,1461,2192,1100,5103,3642,2911,4003,-731,361,1092
yellow,1461,2192,1100,5103,3642,2911,4003,-731,361,1092
yellow,1461,2192,1100,5103,3642,2911,4003,-731,361,1092
yellow,1461,2192,1100,5103,3642,2911,4003,-731,361,1092
yellow,1461,2192,1100,5103,3642,2911,4003,-731,361,1092
yellow,1461,2192,1100,5103,3642,2911,4003,-731,361,1092
yellow,1461,2192,1100,5103,3642,2911,4003,-731,361,1092
yellow,1461,2192,1100,5103,3642,2911,4003,-731,361,1092
yellow,1461,2192,1100,5103,3642,2911,4003,-731,361,1092
yellow,1461,2192,1100,5103,3642,2911,4003,-731,361,1092
yellow,1461,2192,1100,5103,3642,2911,4003,-731,361,1092
yellow,1461,2192,1100,5103,3642,2911,4003,-731,361,1092
yellow,1461,2192,1100,5103,3642,2911,4003,-731,361,1092
yellow,1461,2192,1100,5103,3642,2911,4003,-731,361,1092
yellow,1461,2192,1100,5103,3642,2911,4003,-731,361,1092
yellow,1461,2192,1100,5103,3642,2911,4003,-731,361,1092
yellow,1461,2192,1100,5103,3642,2911,4003,-731,361,1092
yellow,1461,2192,1100,5103,3642,2911,4003,-731,361,1092
yellow,1461,2192,1100,5103,3642,2911,4003,-731,361,1092
yellow,1297,1904,1051,4452,3155,2548,3401,-607,246,853
yellow,1297,1904,1051,4452,3155,2548,3401,-607,246,853
yellow,1297,1904,1051,4452,3155,2548,3401,-607,246,853
yellow,1297,1904,1051,4452,3155,2548,3401,-607,246,853
yellow,1297,1904,1051,4452,3155,2548,3401,-607,246,853
yellow,1297,1904,1051,4452,3155,2548,3401,-607,246,853
yellow,1297,1904,1051,4452,3155,2548,3401,-607,246,853
yellow,1297,1904,1051,4452,3155,2548,3401,-607,246,853
yellow,1297,1904,1051,4452,3155,2548,3401,-607,246,853
yellow,1297,1904,1051,4452,3155,2548,3401,-607,246,853
yellow,1297,1904,1051,4452,3155,2548,3401,-607,246,853
yellow,1297,1904,1051,4452,3155,2548,3401,-607,246,853
yellow,1297,1904,1051,4452,3155,2548,3401,-607,246,853
yellow,1297,1904,1051,4452,3155,2548,3401,-607,246,853
yellow,1297,1904,1051,4452,3155,2548,3401,-607,246,853
yellow,1297,1904,1051,4452,3155,2548,3401,-607,246,853
yellow,1297,1904,1051,4452,3155,2548,3401,-607,246,853
yellow,1297,1904,1051,4452,3155,2548,3401,-607,246,853
yellow,1297,1904,1051,4452,3155,2548,3401,-607,246,853
yellow,1297,1904,1051,4452,3155,2548,3401,-607,246,853
yellow,1297,1904,1051,4452,3155,2548,3401,-607,246,853
yellow,1297,1904,1051,4452,3155,2548,3401,-607,246,853
yellow,1297,1904,1051,4452,3155,2548,3401,-607,246,853
yellow,1297,1904,1051,4452,3155,2548,3401,-607,246,853
yellow,1297,1904,1051,4452,3155,2548,3401,-607,246,853
yellow,1297,1904,1051,4452,3155,2548,3401,-607,246,853
yellow,1297,1904,1051,4452,3155,2548,3401,-607,246,853
yellow,1297,1904,1051,4452,3155,2548,3401,-607,246,853
yellow,1297,1904,1051,4452,3155,2548,3401,-607,246,853
yellow,1297,1904,1051,4452,3155,2548,3401,-607,246,853
yellow,1461,2192,1192,5103,3642,2911,3911,-731,269,1000
yellow,1461,2192,1192,5103,3642,2911,3911,-731,269,1000
yellow,1461,2192,1192,5103,3642,2911,3911,-731,269,1000
yellow,1461,2192,1192,5103,3642,2911,3911,-731,269,1000
yellow,1461,2192,1192,5103,3642,2911,3911,-731,269,1000
yellow,1461,2192,1192,5103,3642,2911,3911,-731,269,1000
yellow,1461,2192,1192,5103,3642,2911,3911,-731,269,1000
yellow,1461,2192,1192,5103,3642,2911,3911,-731,269,1000
yellow,1461,2192,1192,5103,3642,2911,3911,-731,269,1000
yellow,1461,2192,1192,5103,3642,2911,3911,-731,269,1000
yellow,1461,2192,1229,5103,3642,2911,3874,-731,232,963
yellow,1461,2192,1229,5103,3642,2911,3874,-731,232,963
yellow,1461,2192,1229,5103,3642,2911,3874,-731,232,963
yellow,1461,2192,1229,5103,3642,2911,3874,-731,232,963
yellow,1461,2192,1229,5103,3642,2911,3874,-731,232,963
yellow,1461,2192,1229,5103,3642,2911,3874,-731,232,963
yellow,1461,2192,1229,5103,3642,2911,3874,-731,232,963
yellow,1461,2192,1229,5103,3642,2911,3874,-731,232,963
yellow,1461,2192,1229,5103,3642,2911,3874,-731,232,963
yellow,1461,2192,1229,5103,3642,2911,3874,-731,232,963
yellow,1536,2358,1232,5367,3831,3009,4135,-822,304,1126
yellow,1536,2358,1232,5367,3831,3009,4135,-822,304,1126
yellow,1536,2358,1232,5367,3831,3009,4135,-822,304,1126
yellow,1536,2358,1232,5367,3831,3009,4135,-822,304,1126
yellow,1536,2358,1232,5367,3831,3009,4135,-822,304,1126
yellow,1536,2358,1232,5367,3831,3009,4135,-822,304,1126
yellow,1536,2358,1232,5367,3831,3009,4135,-822,304,1126
yellow,1536,2358,1232,5367,3831,3009,4135,-822,304,1126
yellow,1536,2358,1232,5367,3831,3009,4135,-822,304,1126
yellow,1536,2358,1232,5367,3831,3009,4135,-822,304,1126
yellow,1621,2504,1395,5808,4187,3304,4413,-883,226,1109
yellow,1621,2504,1395,5808,4187,3304,4413,-883,226,1109
yellow,1621,2504,1395,5808,4187,3304,4413,-883,226,1109
yellow,1621,2504,1395,5808,4187,3304,4413,-883,226,1109
yellow,1621,2504,1395,5808,4187,3304,4413,-883,226,1109
yellow,1621,2504,1395,5808,4187,3304,4413,-883,226,1109
yellow,1621,2504,1395,5808,4187,3304,4413,-883,226,1109
yellow,1621,2504,1395,5808,4187,3304,4413,-883,226,1109
yellow,1621,2504,1395,5808,4187,3304,4413,-883,226,1109
yellow,1621,2504,1395,5808,4187,3304,4413,-883,226,1109
yellow,1700,2537,1419,5838,4138,3301,4419,-837,281,1118
yellow,1700,2537,1419,5838,4138,3301,4419,-837,281,1118
yellow,1700,2537,1419,5838,4138,3301,4419,-837,281,1118
yellow,1700,2537,1419,5838,4138,3301,4419,-837,281,1118
yellow,1700,2537,1419,5838,4138,3301,4419,-837,281,1118
yellow,1700,2537,1419,5838,4138,3301,4419,-837,281,1118
yellow,1700,2537,1419,5838,4138,3301,4419,-837,281,1118
yellow,1700,2537,1419,5838,4138,3301,4419,-837,281,1118
yellow,1700,2537,1419,5838,4138,3301,4419,-837,281,1118
yellow,1700,2537,1419,5838,4138,3301,4419,-837,281,1118
yellow,1799,2979,1641,6729,4930,3750,5088,-1180,158,1338
yellow,1799,2979,1641,6729,4930,3750,5088,-1180,158,1338
yellow,1799,2979,1641,6729,4930,3750,5088,-1180,158,1338
yellow,1799,2979,1641,6729,4930,3750,5088,-1180,158,1338
yellow,1799,2979,1641,6729,4930,3750,5088,-1180,158,1338
yellow,1799,2979,1641,6729,4930,3750,5088,-1180,158,1338
yellow,1799,2979,1641,6729,4930,3750,5088,-1180,158,1338
yellow,1799,2979,1641,6729,4930,3750,5088,-1180,158,1338
yellow,1799,2979,1641,6729,4930,3750,5088,-1180,158,1338
yellow,1799,2979,1641,6729,4930,3750,5088,-1180,158,1338
yellow,1992,3169,1657,7334,5342,4165,5677,-1177,335,1512
yellow,1992,3169,1657,7334,5342,4165,5677,-1177,335,1512
yellow,1992,3169,1657,7334,5342,4165,5677,-1177,335,1512
yellow,1992,3169,1657,7334,5342,4165,5677,-1177,335,1512
yellow,1992,3169,1657,7334,5342,4165,5677,-1177,335,1512
yellow,1992,3169,1657,7334,5342,4165,5677,-1177,335,1512
yellow,1992,3169,1657,7334,5342,4165,5677,-1177,335,1512
yellow,1992,3169,1657,7334,5342,4165,5677,-1177,335,1512
yellow,1992,3169,1657,7334,5342,4165,5677,-1177,335,1512
yellow,1992,3169,1657,7334,5342,4165,5677,-1177,335,1512
yellow,1992,3169,1657,7334,5342,4165,5677,-1177,335,1512
yellow,1992,3169,1657,7334,5342,4165,5677,-1177,335,1512
yellow,1992,3169,1657,7334,5342,4165,5677,-1177,335,1512
yellow,1992,3169,1657,7334,5342,4165,5677,-1177,335,1512
yellow,1992,3169,1657,7334,5342,4165,5677,-1177,335,1512
yellow,1992,3169,1657,7334,5342,4165,5677,-1177,335,1512
yellow,1992,3169,1657,7334,5342,4165,5677,-1177,335,1512
yellow,1992,3169,1657,7334,5342,4165,5677,-1177,335,1512
yellow,1992,3169,1657,7334,5342,4165,5677,-1177,335,1512
yellow,1992,3169,1657,7334,5342,4165,5677,-1177,335,1512
yellow,1992,3169,1657,7334,5342,4165,5677,-1177,335,1512
yellow,1992,3169,1657,7334,5342,4165,5677,-1177,335,1512
yellow,1992,3169,1657,7334,5342,4165,5677,-1177,335,1512
yellow,1992,3169,1657,7334,5342,4165,5677,-1177,335,1512
yellow,1992,3169,1657,7334,5342,4165,5677,-1177,335,1512
yellow,1992,3169,1657,7334,5342,4165,5677,-1177,335,1512
yellow,1992,3169,1657,7334,5342,4165,5677,-1177,335,1512
yellow,1992,3169,1657,7334,5342,4165,5677,-1177,335,1512
yellow,1992,3169,1657,7334,5342,4165,5677,-1177,335,1512
yellow,1992,3169,1657,7334,5342,4165,5677,-1177,335,1512
yellow,1992,3169,1641,7334,5342,4165,5693,-1177,351,1528
yellow,1992,3169,1641,7334,5342,4165,5693,-1177,351,1528
yellow,1992,3169,1641,7334,5342,4165,5693,-1177,351,1528
yellow,1992,3169,1641,7334,5342,4165,5693,-1177,351,1528
yellow,1992,3169,1641,7334,5342,4165,5693,-1177,351,1528
yellow,1992,3169,1641,7334,5342,4165,5693,-1177,351,1528
yellow,1992,3169,1641,7334,5342,4165,5693,-1177,351,1528
yellow,1992,3169,1641,7334,5342,4165,5693,-1177,351,1528
yellow,1992,3169,1641,7334,5342,4165,5693,-1177,351,1528
yellow,1992,3169,1641,7334,5342,4165,5693,-1177,351,1528
yellow,2165,3169,1641,7334,5169,4165,5693,-1004,524,1528
yellow,2165,3169,1641,7334,5169,4165,5693,-1004,524,1528
yellow,2165,3169,1641,7334,5169,4165,5693,-1004,524,1528
yellow,2165,3169,1641,7334,5169,4165,5693,-1004,524,1528
yellow,2165,3169,1641,7334,5169,4165,5693,-1004,524,1528
yellow,2165,3169,1641,7334,5169,4165,5693,-1004,524,1528
yellow,2165,3169,1641,7334,5169,4165,5693,-1004,524,1528
yellow,2165,3169,1641,7334,5169,4165,5693,-1004,524,1528
yellow,2165,3169,1641,7334,5169,4165,5693,-1004,524,1528
yellow,2165,3169,1641,7334,5169,4165,5693,-1004,524,1528
yellow,2144,3014,1635,7072,4928,4058,5437,-870,509,1379
yellow,2144,3014,1635,7072,4928,4058,5437,-870,509,1379
yellow,2144,3014,1635,7072,4928,4058,5437,-870,509,1379
yellow,2144,3014,1635,7072,4928,4058,5437,-870,509,1379
yellow,2144,3014,1635,7072,4928,4058,5437,-870,509,1379
yellow,2144,3014,1635,7072,4928,4058,5437,-870,509,1379
yellow,2144,3014,1635,7072,4928,4058,5437,-870,509,1379
yellow,2144,3014,1635,7072,4928,4058,5437,-870,509,1379
yellow,2144,3014,1635,7072,4928,4058,5437,-870,509,1379
yellow,2144,3014,1635,7072,4928,4058,5437,-870,509,1379
yellow,2144,3014,1635,7072,4928,4058,5437,-870,509,1379
yellow,2144,3014,1635,7072,4928,4058,5437,-870,509,1379
yellow,2144,3014,1635,7072,4928,4058,5437,-870,509,1379
yellow,2144,3014,1635,7072,4928,4058,5437,-870,509,1379
yellow,2144,3014,1635,7072,4928,4058,5437,-870,509,1379
yellow,2144,3014,1635,7072,4928,4058,5437,-870,509,1379
yellow,2144,3014,1635,7072,4928,4058,5437,-870,509,1379
yellow,2144,3014,1635,7072,4928,4058,5437,-870,509,1379
yellow,2144,3014,1635,7072,4928,4058,5437,-870,509,1379
yellow,2144,3014,1635,7072,4928,4058,5437,-870,509,1379
yellow,2144,3014,1635,7072,4928,4058,5437,-870,509,1379
yellow,2144,3014,1635,7072,4928,4058,5437,-870,509,1379
yellow,2144,3014,1635,7072,4928,4058,5437,-870,509,1379
yellow,2144,3014,1635,7072,4928,4058,5437,-870,509,1379
yellow,2144,3014,1635,7072,4928,4058,5437,-870,509,1379
yellow,2144,3014,1635,7072,4928,4058,5437,-870,509,1379
yellow,2144,3014,1635,7072,4928,4058,5437,-870,509,1379
yellow,2144,3014,1635,7072,4928,4058,5437,-870,509,1379
yellow,2144,3014,1635,7072,4928,4058,5437,-870,509,1379
yellow,2144,3014,1635,7072,4928,4058,5437,-870,509,1379
yellow,2257,3399,1821,7874,5617,4475,6053,-1142,436,1578
yellow,2257,3399,1821,7874,5617,4475,6053,-1142,436,1578
yellow,2257,3399,1821,7874,5617,4475,6053,-1142,436,1578
yellow,2257,3399,1821,7874,5617,4475,6053,-1142,436,1578
yellow,2257,3399,1821,7874,5617,4475,6053,-1142,436,1578
yellow,2257,3399,1821,7874,5617,4475,6053,-1142,436,1578
yellow,2257,3399,1821,7874,5617,4475,6053,-1142,436,1578
yellow,2257,3399,1821,7874,5617,4475,6053,-1142,436,1578
yellow,2257,3399,1821,7874,5617,4475,6053,-1142,436,1578
yellow,2257,3399,1821,7874,5617,4475,6053,-1142,436,1578
yellow,2269,3547,1932,8363,6094,4816,6431,-1278,337,1615
yellow,2269,3547,1932,8363,6094,4816,6431,-1278,337,1615
yellow,2269,3547,1932,8363,6094,4816,6431,-1278,337,1615
yellow,2269,3547,1932,8363,6094,4816,6431,-1278,337,1615
yellow,2269,3547,1932,8363,6094,4816,6431,-1278,337,1615
yellow,2269,3547,1932,8363,6094,4816,6431,-1278,337,1615
yellow,2269,3547,1932,8363,6094,4816,6431,-1278,337,1615
yellow,2269,3547,1932,8363,6094,4816,6431,-1278,337,1615
yellow,2269,3547,1932,8363,6094,4816,6431,-1278,337,1615
yellow,2269,3547,1932,8363,6094,4816,6431,-1278,337,1615
yellow,2269,3547,1932,8363,6094,4816,6431,-1278,337,1615
yellow,2269,3547,1932,8363,6094,4816,6431,-1278,337,1615
yellow,2269,3547,1932,8363,6094,4816,6431,-1278,337,1615
yellow,2269,3547,1932,8363,6094,4816,6431,-1278,337,1615
yellow,2269,3547,1932,8363,6094,4816,6431,-1278,337,1615
yellow,2269,3547,1932,8363,6094,4816,6431,-1278,337,1615
yellow,2269,3547,1932,8363,6094,4816,6431,-1278,337,1615
yellow,2269,3547,1932,8363,6094,4816,6431,-1278,337,1615
yellow,2269,3547,1932,8363,6094,4816,6431,-1278,337,1615
yellow,2269,3547,1932,8363,6094,4816,6431,-1278,337,1615
yellow,2257,3531,1925,8189,5932,4658,6264,-1274,332,1606
yellow,2257,3531,1925,8189,5932,4658,6264,-1274,332,1606
yellow,2257,3531,1925,8189,5932,4658,6264,-1274,332,1606
yellow,2257,3531,1925,8189,5932,4658,6264,-1274,332,1606
yellow,2257,3531,1925,8189,5932,4658,6264,-1274,332,1606
yellow,2257,3531,1925,8189,5932,4658,6264,-1274,332,1606
yellow,2257,3531,1925,8189,5932,4658,6264,-1274,332,1606
yellow,2257,3531,1925,8189,5932,4658,6264,-1274,332,1606
yellow,2257,3531,1925,8189,5932,4658,6264,-1274,332,1606
yellow,2257,3531,1925,8189,5932,4658,6264,-1274,332,1606
yellow,2257,3531,1925,8189,5932,4658,6264,-1274,332,1606
yellow,2257,3531,1925,8189,5932,4658,6264,-1274,332,1606
yellow,2257,3531,1925,8189,5932,4658,6264,-1274,332,1606
yellow,2257,3531,1925,8189,5932,4658,6264,-1274,332,1606
yellow,2257,3531,1925,8189,5932,4658,6264,-1274,332,1606
yellow,2257,3531,1925,8189,5932,4658,6264,-1274,332,1606
yellow,2257,3531,1925,8189,5932,4658,6264,-1274,332,1606
yellow,2257,3531,1925,8189,5932,4658,6264,-1274,332,1606
yellow,2257,3531,1925,8189,5932,4658,6264,-1274,332,1606
yellow,2257,3531,1925,8189,5932,4658,6264,-1274,332,1606
yellow,2159,3531,1925,8189,6030,4658,6264,-1372,234,1606
yellow,2159,3531,1925,8189,6030,4658,6264,-1372,234,1606
yellow,2159,3531,1925,8189,6030,4658,6264,-1372,234,1606
yellow,2159,3531,1925,8189,6030,4658,6264,-1372,234,1606
yellow,2159,3531,1925,8189,6030,4658,6264,-1372,234,1606
yellow,2159,3531,1925,8189,6030,4658,6264,-1372,234,1606
yellow,2159,3531,1925,8189,6030,4658,6264,-1372,234,1606
yellow,2159,3531,1925,8189,6030,4658,6264,-1372,234,1606
yellow,2159,3531,1925,8189,6030,4658,6264,-1372,234,1606
yellow,2159,3531,1925,8189,6030,4658,6264,-1372,234,1606
yellow,2012,3391,1823,7625,5613,4234,5802,-1379,189,1568
yellow,2012,3391,1823,7625,5613,4234,5802,-1379,189,1568
yellow,2012,3391,1823,7625,5613,4234,5802,-1379,189,1568
yellow,2012,3391,1823,7625,5613,4234,5802,-1379,189,1568
yellow,2012,3391,1823,7625,5613,4234,5802,-1379,189,1568
yellow,2012,3391,1823,7625,5613,4234,5802,-1379,189,1568
yellow,2012,3391,1823,7625,5613,4234,5802,-1379,189,1568
yellow,2012,3391,1823,7625,5613,4234,5802,-1379,189,1568
yellow,2012,3391,1823,7625,5613,4234,5802,-1379,189,1568
yellow,2012,3391,1823,7625,5613,4234,5802,-1379,189,1568
yellow,1941,2881,1577,6747,4806,3866,5170,-940,364,1304
yellow,1941,2881,1577,6747,4806,3866,5170,-940,364,1304
yellow,1941,2881,1577,6747,4806,3866,5170,-940,364,1304
yellow,1941,2881,1577,6747,4806,3866,5170,-940,364,1304
yellow,1941,2881,1577,6747,4806,3866,5170,-940,364,1304
yellow,1941,2881,1577,6747,4806,3866,5170,-940,364,1304
yellow,1941,2881,1577,6747,4806,3866,5170,-940,364,1304
yellow,1941,2881,1577,6747,4806,3866,5170,-940,364,1304
yellow,1941,2881,1577,6747,4806,3866,5170,-940,364,1304
yellow,1941,2881,1577,6747,4806,3866,5170,-940,364,1304
yellow,1768,2582,1480,6135,4367,3553,4655,-814,288,1102
yellow,1768,2582,1480,6135,4367,3553,4655,-814,288,1102
yellow,1768,2582,1480,6135,4367,3553,4655,-814,288,1102
yellow,1768,2582,1480,6135,4367,3553,4655,-814,288,1102
yellow,1768,2582,1480,6135,4367,3553,4655,-814,288,1102
yellow,1768,2582,1480,6135,4367,3553,4655,-814,288,1102
yellow,1768,2582,1480,6135,4367,3553,4655,-814,288,1102
yellow,1768,2582,1480,6135,4367,3553,4655,-814,288,1102
yellow,1768,2582,1480,6135,4367,3553,4655,-814,288,1102
yellow,1768,2582,1480,6135,4367,3553,4655,-814,288,1102
yellow,1622,2485,1394,5817,4195,3332,4423,-863,228,1091
yellow,1622,2485,1394,5817,4195,3332,4423,-863,228,1091
yellow,1622,2485,1394,5817,4195,3332,4423,-863,228,1091
yellow,1622,2485,1394,5817,4195,3332,4423,-863,228,1091
yellow,1622,2485,1394,5817,4195,3332,4423,-863,228,1091
yellow,1622,2485,1394,5817,4195,3332,4423,-863,228,1091
yellow,1622,2485,1394,5817,4195,3332,4423,-863,228,1091
yellow,1622,2485,1394,5817,4195,3332,4423,-863,228,1091
yellow,1622,2485,1394,5817,4195,3332,4423,-863,228,1091
yellow,1622,2485,1394,5817,4195,3332,4423,-863,228,1091
yellow,1622,2485,1394,5817,4195,3332,4423,-863,228,1091
yellow,1622,2485,1394,5817,4195,3332,4423,-863,228,1091
yellow,1622,2485,1394,5817,4195,3332,4423,-863,228,1091
yellow,1622,2485,1394,5817,4195,3332,4423,-863,228,1091
yellow,1622,2485,1394,5817,4195,3332,4423,-863,228,1091
yellow,1622,2485,1394,5817,4195,3332,4423,-863,228,1091
yellow,1622,2485,1394,5817,4195,3332,4423,-863,228,1091
yellow,1622,2485,1394,5817,4195,3332,4423,-863,228,1091
yellow,1622,2485,1394,5817,4195,3332,4423,-863,228,1091
yellow,1622,2485,1394,5817,4195,3332,4423,-863,228,1091
yellow,1578,2246,1236,5271,3693,3025,4035,-668,342,1010
yellow,1578,2246,1236,5271,3693,3025,4035,-668,342,1010
yellow,1578,2246,1236,5271,3693,3025,4035,-668,342,1010
yellow,1578,2246,1236,5271,3693,3025,4035,-668,342,1010
yellow,1578,2246,1236,5271,3693,3025,4035,-668,342,1010
yellow,1578,2246,1236,5271,3693,3025,4035,-668,342,1010
yellow,1578,2246,1236,5271,3693,3025,4035,-668,342,1010
yellow,1578,2246,1236,5271,3693,3025,4035,-668,342,1010
yellow,1578,2246,1236,5271,3693,3025,4035,-668,342,1010
yellow,1578,2246,1236,5271,3693,3025,4035,-668,342,1010
yellow,1578,2246,1236,5271,3693,3025,4035,-668,342,1010
yellow,1578,2246,1236,5271,3693,3025,4035,-668,342,1010
yellow,1578,2246,1236,5271,3693,3025,4035,-668,342,1010
yellow,1578,2246,1236,5271,3693,3025,4035,-668,342,1010
yellow,1578,2246,1236,5271,3693,3025,4035,-668,342,1010
yellow,1578,2246,1236,5271,3693,3025,4035,-668,342,1010
yellow,1578,2246,1236,5271,3693,3025,4035,-668,342,1010
yellow,1578,2246,1236,5271,3693,3025,4035,-668,342,1010
yellow,1578,2246,1236,5271,3693,3025,4035,-668,342,1010
yellow,1578,2246,1236,5271,3693,3025,4035,-668,342,1010
yellow,1538,2210,1194,5440,3902,3230,4246,-672,344,1016
yellow,1538,2210,1194,5440,3902,3230,4246,-672,344,1016
yellow,1538,2210,1194,5440,3902,3230,4246,-672,344,1016
yellow,1538,2210,1194,5440,3902,3230,4246,-672,344,1016
yellow,1538,2210,1194,5440,3902,3230,4246,-672,344,1016
yellow,1538,2210,1194,5440,3902,3230,4246,-672,344,1016
yellow,1538,2210,1194,5440,3902,3230,4246,-672,344,1016
yellow,1538,2210,1194,5440,3902,3230,4246,-672,344,1016
yellow,1538,2210,1194,5440,3902,3230,4246,-672,344,1016
yellow,1538,2210,1194,5440,3902,3230,4246,-672,344,1016
yellow,1481,2080,1173,5040,3559,2960,3867,-599,308,907
yellow,1481,2080,1173,5040,3559,2960,3867,-599,308,907
yellow,1481,2080,1173,5040,3559,2960,3867,-599,308,907
yellow,1481,2080,1173,5040,3559,2960,3867,-599,308,907
yellow,1481,2080,1173,5040,3559,2960,3867,-599,308,907
yellow,1481,2080,1173,5040,3559,2960,3867,-599,308,907
yellow,1481,2080,1173,5040,3559,2960,3867,-599,308,907
yellow,1481,2080,1173,5040,3559,2960,3867,-599,308,907
yellow,1481,2080,1173,5040,3559,2960,3867,-599,308,907
yellow,1481,2080,1173,5040,3559,2960,3867,-599,308,907
yellow,1481,2080,1173,5040,3559,2960,3867,-599,308,907
yellow,1481,2080,1173,5040,3559,2960,3867,-599,308,907
yellow,1481,2080,1173,5040,3559,2960,3867,-599,308,907
yellow,1481,2080,1173,5040,3559,2960,3867,-599,308,907
yellow,1481,2080,1173,5040,3559,2960,3867,-599,308,907
yellow,1481,2080,1173,5040,3559,2960,3867,-599,308,907
yellow,1481,2080,1173,5040,3559,2960,3867,-599,308,907
yellow,1481,2080,1173,5040,3559,2960,3867,-599,308,907
yellow,1481,2080,1173,5040,3559,2960,3867,-599,308,907
yellow,1481,2080,1173,5040,3559,2960,3867,-599,308,907
yellow,1481,2048,1060,5040,3559,2992,3980,-567,421,988
yellow,1481,2048,1060,5040,3559,2992,3980,-567,421,988
yellow,1481,2048,1060,5040,3559,2992,3980,-567,421,988
yellow,1481,2048,1060,5040,3559,2992,3980,-567,421,988
yellow,1481,2048,1060,5040,3559,2992,3980,-567,421,988
yellow,1481,2048,1060,5040,3559,2992,3980,-567,421,988
yellow,1481,2048,1060,5040,3559,2992,3980,-567,421,988
yellow,1481,2048,1060,5040,3559,2992,3980,-567,421,988
yellow,1481,2048,1060,5040,3559,2992,3980,-567,421,988
yellow,1481,2048,1060,5040,3559,2992,3980,-567,421,988
yellow,1481,2048,1060,5040,3559,2992,3980,-567,421,988
yellow,1481,2048,1060,5040,3559,2992,3980,-567,421,988
yellow,1481,2048,1060,5040,3559,2992,3980,-567,421,988
yellow,1481,2048,1060,5040,3559,2992,3980,-567,421,988
yellow,1481,2048,1060,5040,3559,2992,3980,-567,421,988
yellow,1481,2048,1060,5040,3559,2992,3980,-567,421,988
yellow,1481,2048,1060,5040,3559,2992,3980,-567,421,988
yellow,1481,2048,1060,5040,3559,2992,3980,-567,421,988
yellow,1481,2048,1060,5040,3559,2992,3980,-567,421,988
yellow,1481,2048,1060,5040,3559,2992,3980,-567,421,988
yellow,1481,2048,1060,5040,3559,2992,3980,-567,421,988
yellow,1481,2048,1060,5040,3559,2992,3980,-567,421,988
yellow,1481,2048,1060,5040,3559,2992,3980,-567,421,988
yellow,1481,2048,1060,5040,3559,2992,3980,-567,421,988
yellow,1481,2048,1060,5040,3559,2992,3980,-567,421,988
yellow,1481,2048,1060,5040,3559,2992,3980,-567,421,988
yellow,1481,2048,1060,5040,3559,2992,3980,-567,421,988
yellow,1481,2048,1060,5040,3559,2992,3980,-567,421,988
yellow,1481,2048,1060,5040,3559,2992,3980,-567,421,988
yellow,1481,2048,1060,5040,3559,2992,3980,-567,421,988
yellow,1321,2044,1172,4797,3476,2753,3625,-723,149,872
yellow,1321,2044,1172,4797,3476,2753,3625,-723,149,872
yellow,1321,2044,1172,4797,3476,2753,3625,-723,149,872
yellow,1321,2044,1172,4797,3476,2753,3625,-723,149,872
yellow,1321,2044,1172,4797,3476,2753,3625,-723,149,872
yellow,1321,2044,1172,4797,3476,2753,3625,-723,149,872
yellow,1321,2044,1172,4797,3476,2753,3625,-723,149,872
yellow,1321,2044,1172,4797,3476,2753,3625,-723,149,872
yellow,1321,2044,1172,4797,3476,2753,3625,-723,149,872
yellow,1321,2044,1172,4797,3476,2753,3625,-723,149,872
yellow,1321,2044,1172,4797,3476,2753,3625,-723,149,872
yellow,1321,2044,1172,4797,3476,2753,3625,-723,149,872
yellow,1321,2044,1172,4797,3476,2753,3625,-723,149,872
yellow,1321,2044,1172,4797,3476,2753,3625,-723,149,872
yellow,1321,2044,1172,4797,3476,2753,3625,-723,149,872
yellow,1321,2044,1172,4797,3476,2753,3625,-723,149,872
yellow,1321,2044,1172,4797,3476,2753,3625,-723,149,872
yellow,1321,2044,1172,4797,3476,2753,3625,-723,149,872
yellow,1321,2044,1172,4797,3476,2753,3625,-723,149,872
yellow,1321,2044,1172,4797,3476,2753,3625,-723,149,872
yellow,1532,2385,1333,5547,4015,3162,4214,-853,199,1052
yellow,1532,2385,1333,5547,4015,3162,4214,-853,199,1052
yellow,1532,2385,1333,5547,4015,3162,4214,-853,199,1052
yellow,1532,2385,1333,5547,4015,3162,4214,-853,199,1052
yellow,1532,2385,1333,5547,4015,3162,4214,-853,199,1052
yellow,1532,2385,1333,5547,4015,3162,4214,-853,199,1052
yellow,1532,2385,1333,5547,4015,3162,4214,-853,199,1052
yellow,1532,2385,1333,5547,4015,3162,4214,-853,199,1052
yellow,1532,2385,1333,5547,4015,3162,4214,-853,199,1052
yellow,1532,2385,1333,5547,4015,3162,4214,-853,199,1052
yellow,1532,2385,1333,5547,4015,3162,4214,-853,199,1052
yellow,1532,2385,1333,5547,4015,3162,4214,-853,199,1052
yellow,1532,2385,1333,5547,4015,3162,4214,-853,199,1052
yellow,1532,2385,1333,5547,4015,3162,4214,-853,199,1052
yellow,1532,2385,1333,5547,4015,3162,4214,-853,199,1052
yellow,1532,2385,1333,5547,4015,3162,4214,-853,199,1052
yellow,1532,2385,1333,5547,4015,3162,4214,-853,199,1052
yellow,1532,2385,1333,5547,4015,3162,4214,-853,199,1052
yellow,1532,2385,1333,5547,4015,3162,4214,-853,199,1052
yellow,1532,2385,1333,5547,4015,3162,4214,-853,199,1052
yellow,1532,2385,1333,5547,4015,3162,4214,-853,199,1052
yellow,1532,2385,1333,5547,4015,3162,4214,-853,199,1052
yellow,1532,2385,1333,5547,4015,3162,4214,-853,199,1052
yellow,1532,2385,1333,5547,4015,3162,4214,-853,199,1052
yellow,1532,2385,1333,5547,4015,3162,4214,-853,199,1052
yellow,1532,2385,1333,5547,4015,3162,4214,-853,199,1052
yellow,1532,2385,1333,5547,4015,3162,4214,-853,199,1052
yellow,1532,2385,1333,5547,4015,3162,4214,-853,199,1052
yellow,1532,2385,1333,5547,4015,3162,4214,-853,199,1052
yellow,1532,2385,1333,5547,4015,3162,4214,-853,199,1052
yellow,1542,2366,1258,5548,4006,3182,4290,-824,284,1108
yellow,1542,2366,1258,5548,4006,3182,4290,-824,284,1108
yellow,1542,2366,1258,5548,4006,3182,4290,-824,284,1108
yellow,1542,2366,1258,5548,4006,3182,4290,-824,284,1108
yellow,1542,2366,1258,5548,4006,3182,4290,-824,284,1108
yellow,1542,2366,1258,5548,4006,3182,4290,-824,284,1108
yellow,1542,2366,1258,5548,4006,3182,4290,-824,284,1108
yellow,1542,2366,1258,5548,4006,3182,4290,-824,284,1108
yellow,1542,2366,1258,5548,4006,3182,4290,-824,284,1108
yellow,1542,2366,1258,5548,4006,3182,4290,-824,284,1108
yellow,1720,2746,1443,6316,4596,3570,4873,-1026,277,1303
yellow,1720,2746,1443,6316,4596,3570,4873,-1026,277,1303
yellow,1720,2746,1443,6316,4596,3570,4873,-1026,277,1303
yellow,1720,2746,1443,6316,4596,3570,4873,-1026,277,1303
yellow,1720,2746,1443,6316,4596,3570,4873,-1026,277,1303
yellow,1720,2746,1443,6316,4596,3570,4873,-1026,277,1303
yellow,1720,2746,1443,6316,4596,3570,4873,-1026,277,1303
yellow,1720,2746,1443,6316,4596,3570,4873,-1026,277,1303
yellow,1720,2746,1443,6316,4596,3570,4873,-1026,277,1303
yellow,1720,2746,1443,6316,4596,3570,4873,-1026,277,1303
yellow,1720,2746,1443,6316,4596,3570,4873,-1026,277,1303
yellow,1720,2746,1443,6316,4596,3570,4873,-1026,277,1303
yellow,1720,2746,1443,6316,4596,3570,4873,-1026,277,1303
yellow,1720,2746,1443,6316,4596,3570,4873,-1026,277,1303
yellow,1720,2746,1443,6316,4596,3570,4873,-1026,277,1303
yellow,1720,2746,1443,6316,4596,3570,4873,-1026,277,1303
yellow,1720,2746,1443,6316,4596,3570,4873,-1026,277,1303
yellow,1720,2746,1443,6316,4596,3570,4873,-1026,277,1303
yellow,1720,2746,1443,6316,4596,3570,4873,-1026,277,1303
yellow,1720,2746,1443,6316,4596,3570,4873,-1026,277,1303
yellow,1841,2746,1443,6382,4541,3636,4939,-905,398,1303
yellow,1841,2746,1443,6382,4541,3636,4939,-905,398,1303
yellow,1841,2746,1443,6382,4541,3636,4939,-905,398,1303
yellow,1841,2746,1443,6382,4541,3636,4939,-905,398,1303
yellow,1841,2746,1443,6382,4541,3636,4939,-905,398,1303
yellow,1841,2746,1443,6382,4541,3636,4939,-905,398,1303
yellow,1841,2746,1443,6382,4541,3636,4939,-905,398,1303
yellow,1841,2746,1443,6382,4541,3636,4939,-905,398,1303
yellow,1841,2746,1443,6382,4541,3636,4939,-905,398,1303
yellow,1841,2746,1443,6382,4541,3636,4939,-905,398,1303
yellow,1542,2366,1258,5548,4006,3182,4290,-824,284,1108
yellow,1542,2366,1258,5548,4006,3182,4290,-824,284,1108
yellow,1542,2366,1258,5548,4006,3182,4290,-824,284,1108
yellow,1542,2366,1258,5548,4006,3182,4290,-824,284,1108
yellow,1542,2366,1258,5548,4006,3182,4290,-824,284,1108
yellow,1542,2366,1258,5548,4006,3182,4290,-824,284,1108
yellow,1542,2366,1258,5548,4006,3182,4290,-824,284,1108
yellow,1542,2366,1258,5548,4006,3182,4290,-824,284,1108
yellow,1542,2366,1258,5548,4006,3182,4290,-824,284,1108
yellow,1542,2366,1258,5548,4006,3182,4290,-824,284,1108
yellow,1542,2366,1258,5548,4006,3182,4290,-824,284,1108
yellow,1542,2366,1258,5548,4006,3182,4290,-824,284,1108
yellow,1542,2366,1258,5548,4006,3182,4290,-824,284,1108
yellow,1542,2366,1258,5548,4006,3182,4290,-824,284,1108
yellow,1542,2366,1258,5548,4006,3182,4290,-824,284,1108
yellow,1542,2366,1258,5548,4006,3182,4290,-824,284,1108
yellow,1542,2366,1258,5548,4006,3182,4290,-824,284,1108
yellow,1542,2366,1258,5548,4006,3182,4290,-824,284,1108
yellow,1542,2366,1258,5548,4006,3182,4290,-824,284,1108
yellow,1542,2366,1258,5548,4006,3182,4290,-824,284,1108
yellow,1658,2713,1443,6082,4424,3369,4639,-1055,215,1270
yellow,1658,2713,1443,6082,4424,3369,4639,-1055,215,1270
yellow,1658,2713,1443,6082,4424,3369,4639,-1055,215,1270
yellow,1658,2713,1443,6082,4424,3369,4639,-1055,215,1270
yellow,1658,2713,1443,6082,4424,3369,4639,-1055,215,1270
yellow,1658,2713,1443,6082,4424,3369,4639,-1055,215,1270
yellow,1658,2713,1443,6082,4424,3369,4639,-1055,215,1270
yellow,1658,2713,1443,6082,4424,3369,4639,-1055,215,1270
yellow,1658,2713,1443,6082,4424,3369,4639,-1055,215,1270
yellow,1658,2713,1443,6082,4424,3369,4639,-1055,215,1270
yellow,1658,2713,1443,6082,4424,3369,4639,-1055,215,1270
yellow,1658,2713,1443,6082,4424,3369,4639,-1055,215,1270
yellow,1658,2713,1443,6082,4424,3369,4639,-1055,215,1270
yellow,1658,2713,1443,6082,4424,3369,4639,-1055,215,1270
yellow,1658,2713,1443,6082,4424,3369,4639,-1055,215,1270
yellow,1658,2713,1443,6082,4424,3369,4639,-1055,215,1270
yellow,1658,2713,1443,6082,4424,3369,4639,-1055,215,1270
yellow,1658,2713,1443,6082,4424,3369,4639,-1055,215,1270
yellow,1658,2713,1443,6082,4424,3369,4639,-1055,215,1270
yellow,1658,2713,1443,6082,4424,3369,4639,-1055,215,1270
yellow,1658,2713,1458,6082,4424,3369,4624,-1055,200,1255
yellow,1658,2713,1458,6082,4424,3369,4624,-1055,200,1255
yellow,1658,2713,1458,6082,4424,3369,4624,-1055,200,1255
yellow,1658,2713,1458,6082,4424,3369,4624,-1055,200,1255
yellow,1658,2713,1458,6082,4424,3369,4624,-1055,200,1255
yellow,1658,2713,1458,6082,4424,3369,4624,-1055,200,1255
yellow,1658,2713,1458,6082,4424,3369,4624,-1055,200,1255
yellow,1658,2713,1458,6082,4424,3369,4624,-1055,200,1255
yellow,1658,2713,1458,6082,4424,3369,4624,-1055,200,1255
yellow,1658,2713,1458,6082,4424,3369,4624,-1055,200,1255
yellow,2105,3075,1646,7274,5169,4199,5628,-970,459,1429
yellow,2105,3075,1646,7274,5169,4199,5628,-970,459,1429
yellow,2105,3075,1646,7274,5169,4199,5628,-970,459,1429
yellow,2105,3075,1646,7274,5169,4199,5628,-970,459,1429
yellow,2105,3075,1646,7274,5169,4199,5628,-970,459,1429
yellow,2105,3075,1646,7274,5169,4199,5628,-970,459,1429
yellow,2105,3075,1646,7274,5169,4199,5628,-970,459,1429
yellow,2105,3075,1646,7274,5169,4199,5628,-970,459,1429
yellow,2105,3075,1646,7274,5169,4199,5628,-970,459,1429
yellow,2105,3075,1646,7274,5169,4199,5628,-970,459,1429
yellow,1819,2994,1572,6730,4911,3736,5158,-1175,247,1422
yellow,1819,2994,1572,6730,4911,3736,5158,-1175,247,1422
yellow,1819,2994,1572,6730,4911,3736,5158,-1175,247,1422
yellow,1819,2994,1572,6730,4911,3736,5158,-1175,247,1422
yellow,1819,2994,1572,6730,4911,3736,5158,-1175,247,1422
yellow,1819,2994,1572,6730,4911,3736,5158,-1175,247,1422
yellow,1819,2994,1572,6730,4911,3736,5158,-1175,247,1422
yellow,1819,2994,1572,6730,4911,3736,5158,-1175,247,1422
yellow,1819,2994,1572,6730,4911,3736,5158,-1175,247,1422
yellow,1819,2994,1572,6730,4911,3736,5158,-1175,247,1422
yellow,1819,2994,1572,6730,4911,3736,5158,-1175,247,1422
yellow,1819,2994,1572,6730,4911,3736,5158,-1175,247,1422
yellow,1819,2994,1572,6730,4911,3736,5158,-1175,247,1422
yellow,1819,2994,1572,6730,4911,3736,5158,-1175,247,1422
yellow,1819,2994,1572,6730,4911,3736,5158,-1175,247,1422
yellow,1819,2994,1572,6730,4911,3736,5158,-1175,247,1422
yellow,1819,2994,1572,6730,4911,3736,5158,-1175,247,1422
yellow,1819,2994,1572,6730,4911,3736,5158,-1175,247,1422
yellow,1819,2994,1572,6730,4911,3736,5158,-1175,247,1422
yellow,1819,2994,1572,6730,4911,3736,5158,-1175,247,1422
yellow,1819,2994,1572,6730,4911,3736,5158,-1175,247,1422
yellow,1819,2994,1572,6730,4911,3736,5158,-1175,247,1422
yellow,1819,2994,1572,6730,4911,3736,5158,-1175,247,1422
yellow,1819,2994,1572,6730,4911,3736,5158,-1175,247,1422
yellow,1819,2994,1572,6730,4911,3736,5158,-1175,247,1422
yellow,1819,2994,1572,6730,4911,3736,5158,-1175,247,1422
yellow,1819,2994,1572,6730,4911,3736,5158,-1175,247,1422
yellow,1819,2994,1572,6730,4911,3736,5158,-1175,247,1422
yellow,1819,2994,1572,6730,4911,3736,5158,-1175,247,1422
yellow,1819,2994,1572,6730,4911,3736,5158,-1175,247,1422
yellow,1819,2994,1572,6730,4911,3736,5158,-1175,247,1422
yellow,1819,2994,1572,6730,4911,3736,5158,-1175,247,1422
yellow,1819,2994,1572,6730,4911,3736,5158,-1175,247,1422
yellow,1819,2994,1572,6730,4911,3736,5158,-1175,247,1422
yellow,1819,2994,1572,6730,4911,3736,5158,-1175,247,1422
yellow,1819,2994,1572,6730,4911,3736,5158,-1175,247,1422
yellow,1819,2994,1572,6730,4911,3736,5158,-1175,247,1422
yellow,1819,2994,1572,6730,4911,3736,5158,-1175,247,1422
yellow,1819,2994,1572,6730,4911,3736,5158,-1175,247,1422
yellow,1819,2994,1572,6730,4911,3736,5158,-1175,247,1422
yellow,1819,2994,1572,6730,4911,3736,5158,-1175,247,1422
yellow,1819,2994,1572,6730,4911,3736,5158,-1175,247,1422
yellow,1819,2994,1572,6730,4911,3736,5158,-1175,247,1422
yellow,1819,2994,1572,6730,4911,3736,5158,-1175,247,1422
yellow,1819,2994,1572,6730,4911,3736,5158,-1175,247,1422
yellow,1819,2994,1572,6730,4911,3736,5158,-1175,247,1422
yellow,1819,2994,1572,6730,4911,3736,5158,-1175,247,1422
yellow,1819,2994,1572,6730,4911,3736,5158,-1175,247,1422
yellow,1819,2994,1572,6730,4911,3736,5158,-1175,247,1422
yellow,1819,2994,1572,6730,4911,3736,5158,-1175,247,1422
yellow,1819,2994,1572,6730,4911,3736,5158,-1175,247,1422
yellow,1819,2994,1572,6730,4911,3736,5158,-1175,247,1422
yellow,1819,2994,1572,6730,4911,3736,5158,-1175,247,1422
yellow,1819,2994,1572,6730,4911,3736,5158,-1175,247,1422
yellow,1819,2994,1572,6730,4911,3736,5158,-1175,247,1422
yellow,1819,2994,1572,6730,4911,3736,5158,-1175,247,1422
yellow,1819,2994,1572,6730,4911,3736,5158,-1175,247,1422
yellow,1819,2994,1572,6730,4911,3736,5158,-1175,247,1422
yellow,1819,2994,1572,6730,4911,3736,5158,-1175,247,1422
yellow,1819,2994,1572,6730,4911,3736,5158,-1175,247,1422
yellow,1544,2617,1439,6003,4459,3386,4564,-1073,105,1178
yellow,1544,2617,1439,6003,4459,3386,4564,-1073,105,1178
yellow,1544,2617,1439,6003,4459,3386,4564,-1073,105,1178
yellow,1544,2617,1439,6003,4459,3386,4564,-1073,105,1178
yellow,1544,2617,1439,6003,4459,3386,4564,-1073,105,1178
yellow,1544,2617,1439,6003,4459,3386,4564,-1073,105,1178
yellow,1544,2617,1439,6003,4459,3386,4564,-1073,105,1178
yellow,1544,2617,1439,6003,4459,3386,4564,-1073,105,1178
yellow,1544,2617,1439,6003,4459,3386,4564,-1073,105,1178
yellow,1544,2617,1439,6003,4459,3386,4564,-1073,105,1178
yellow,1544,2494,1378,5826,4282,3332,4448,-950,166,1116
yellow,1544,2494,1378,5826,4282,3332,4448,-950,166,1116
yellow,1544,2494,1378,5826,4282,3332,4448,-950,166,1116
yellow,1544,2494,1378,5826,4282,3332,4448,-950,166,1116
yellow,1544,2494,1378,5826,4282,3332,4448,-950,166,1116
yellow,1544,2494,1378,5826,4282,3332,4448,-950,166,1116
yellow,1544,2494,1378,5826,4282,3332,4448,-950,166,1116
yellow,1544,2494,1378,5826,4282,3332,4448,-950,166,1116
yellow,1544,2494,1378,5826,4282,3332,4448,-950,166,1116
yellow,1544,2494,1378,5826,4282,3332,4448,-950,166,1116
yellow,1544,2494,1397,5826,4282,3332,4429,-950,147,1097
yellow,1544,2494,1397,5826,4282,3332,4429,-950,147,1097
yellow,1544,2494,1397,5826,4282,3332,4429,-950,147,1097
yellow,1544,2494,1397,5826,4282,3332,4429,-950,147,1097
yellow,1544,2494,1397,5826,4282,3332,4429,-950,147,1097
yellow,1544,2494,1397,5826,4282,3332,4429,-950,147,1097
yellow,1544,2494,1397,5826,4282,3332,4429,-950,147,1097
yellow,1544,2494,1397,5826,4282,3332,4429,-950,147,1097
yellow,1544,2494,1397,5826,4282,3332,4429,-950,147,1097
yellow,1544,2494,1397,5826,4282,3332,4429,-950,147,1097
yellow,1544,2494,1397,5826,4282,3332,4429,-950,147,1097
yellow,1544,2494,1397,5826,4282,3332,4429,-950,147,1097
yellow,1544,2494,1397,5826,4282,3332,4429,-950,147,1097
yellow,1544,2494,1397,5826,4282,3332,4429,-950,147,1097
yellow,1544,2494,1397,5826,4282,3332,4429,-950,147,1097
yellow,1544,2494,1397,5826,4282,3332,4429,-950,147,1097
yellow,1544,2494,1397,5826,4282,3332,4429,-950,147,1097
yellow,1544,2494,1397,5826,4282,3332,4429,-950,147,1097
yellow,1544,2494,1397,5826,4282,3332,4429,-950,147,1097
yellow,1544,2494,1397,5826,4282,3332,4429,-950,147,1097
yellow,1515,2416,1378,5505,3990,3089,4127,-901,137,1038
yellow,1515,2416,1378,5505,3990,3089,4127,-901,137,1038
yellow,1515,2416,1378,5505,3990,3089,4127,-901,137,1038
yellow,1515,2416,1378,5505,3990,3089,4127,-901,137,1038
yellow,1515,2416,1378,5505,3990,3089,4127,-901,137,1038
yellow,1515,2416,1378,5505,3990,3089,4127,-901,137,1038
yellow,1515,2416,1378,5505,3990,3089,4127,-901,137,1038
yellow,1515,2416,1378,5505,3990,3089,4127,-901,137,1038
yellow,1515,2416,1378,5505,3990,3089,4127,-901,137,1038
yellow,1515,2416,1378,5505,3990,3089,4127,-901,137,1038
yellow,1475,2289,1188,5380,3905,3091,4192,-814,287,1101
yellow,1475,2289,1188,5380,3905,3091,4192,-814,287,1101
yellow,1475,2289,1188,5380,3905,3091,4192,-814,287,1101
yellow,1475,2289,1188,5380,3905,3091,4192,-814,287,1101
yellow,1475,2289,1188,5380,3905,3091,4192,-814,287,1101
yellow,1475,2289,1188,5380,3905,3091,4192,-814,287,1101
yellow,1475,2289,1188,5380,3905,3091,4192,-814,287,1101
yellow,1475,2289,1188,5380,3905,3091,4192,-814,287,1101
yellow,1475,2289,1188,5380,3905,3091,4192,-814,287,1101
yellow,1475,2289,1188,5380,3905,3091,4192,-814,287,1101
yellow,1404,2146,1135,4981,3577,2835,3846,-742,269,1011
yellow,1404,2146,1135,4981,3577,2835,3846,-742,269,1011
yellow,1404,2146,1135,4981,3577,2835,3846,-742,269,1011
yellow,1404,2146,1135,4981,3577,2835,3846,-742,269,1011
yellow,1404,2146,1135,4981,3577,2835,3846,-742,269,1011
yellow,1404,2146,1135,4981,3577,2835,3846,-742,269,1011
yellow,1404,2146,1135,4981,3577,2835,3846,-742,269,1011
yellow,1404,2146,1135,4981,3577,2835,3846,-742,269,1011
yellow,1404,2146,1135,4981,3577,2835,3846,-742,269,1011
yellow,1404,2146,1135,4981,3577,2835,3846,-742,269,1011
yellow,1077,1562,853,3652,2575,2090,2799,-485,224,709
yellow,1077,1562,853,3652,2575,2090,2799,-485,224,709
yellow,1077,1562,853,3652,2575,2090,2799,-485,224,709
yellow,1077,1562,853,3652,2575,2090,2799,-485,224,709
yellow,1077,1562,853,3652,2575,2090,2799,-485,224,709
yellow,1077,1562,853,3652,2575,2090,2799,-485,224,709
yellow,1077,1562,853,3652,2575,2090,2799,-485,224,709
yellow,1077,1562,853,3652,2575,2090,2799,-485,224,709
yellow,1077,1562,853,3652,2575,2090,2799,-485,224,709
yellow,1077,1562,853,3652,2575,2090,2799,-485,224,709
yellow,920,1291,709,3046,2126,1755,2337,-371,211,582
yellow,920,1291,709,3046,2126,1755,2337,-371,211,582
yellow,920,1291,709,3046,2126,1755,2337,-371,211,582
yellow,920,1291,709,3046,2126,1755,2337,-371,211,582
yellow,920,1291,709,3046,2126,1755,2337,-371,211,582
yellow,920,1291,709,3046,2126,1755,2337,-371,211,582
yellow,920,1291,709,3046,2126,1755,2337,-371,211,582
yellow,920,1291,709,3046,2126,1755,2337,-371,211,582
yellow,920,1291,709,3046,2126,1755,2337,-371,211,582
yellow,920,1291,709,3046,2126,1755,2337,-371,211,582
yellow,920,1291,709,3046,2126,1755,2337,-371,211,582
yellow,920,1291,709,3046,2126,1755,2337,-371,211,582
yellow,920,1291,709,3046,2126,1755,2337,-371,211,582
yellow,920,1291,709,3046,2126,1755,2337,-371,211,582
yellow,920,1291,709,3046,2126,1755,2337,-371,211,582
yellow,920,1291,709,3046,2126,1755,2337,-371,211,582
yellow,920,1291,709,3046,2126,1755,2337,-371,211,582
yellow,920,1291,709,3046,2126,1755,2337,-371,211,582
yellow,920,1291,709,3046,2126,1755,2337,-371,211,582
yellow,920,1291,709,3046,2126,1755,2337,-371,211,582
yellow,920,1291,709,3046,2126,1755,2337,-371,211,582
yellow,920,1291,709,3046,2126,1755,2337,-371,211,582
yellow,920,1291,709,3046,2126,1755,2337,-371,211,582
yellow,920,1291,709,3046,2126,1755,2337,-371,211,582
yellow,920,1291,709,3046,2126,1755,2337,-371,211,582
yellow,920,1291,709,3046,2126,1755,2337,-371,211,582
yellow,920,1291,709,3046,2126,1755,2337,-371,211,582
yellow,920,1291,709,3046,2126,1755,2337,-371,211,582
yellow,920,1291,709,3046,2126,1755,2337,-371,211,582
yellow,920,1291,709,3046,2126,1755,2337,-371,211,582
yellow,920,1291,709,3046,2126,1755,2337,-371,211,582
yellow,920,1291,709,3046,2126,1755,2337,-371,211,582
yellow,920,1291,709,3046,2126,1755,2337,-371,211,582
yellow,920,1291,709,3046,2126,1755,2337,-371,211,582
yellow,920,1291,709,3046,2126,1755,2337,-371,211,582
yellow,920,1291,709,3046,2126,1755,2337,-371,211,582
yellow,920,1291,709,3046,2126,1755,2337,-371,211,582
yellow,920,1291,709,3046,2126,1755,2337,-371,211,582
yellow,920,1291,709,3046,2126,1755,2337,-371,211,582
yellow,920,1291,709,3046,2126,1755,2337,-371,211,582
yellow,1249,1721,944,4089,2840,2368,3145,-472,305,777
yellow,1249,1721,944,4089,2840,2368,3145,-472,305,777
yellow,1249,1721,944,4089,2840,2368,3145,-472,305,777
yellow,1249,1721,944,4089,2840,2368,3145,-472,305,777
yellow,1249,1721,944,4089,2840,2368,3145,-472,305,777
yellow,1249,1721,944,4089,2840,2368,3145,-472,305,777
yellow,1249,1721,944,4089,2840,2368,3145,-472,305,777
yellow,1249,1721,944,4089,2840,2368,3145,-472,305,777
yellow,1249,1721,944,4089,2840,2368,3145,-472,305,777
yellow,1249,1721,944,4089,2840,2368,3145,-472,305,777
yellow,1574,2272,1073,5201,3627,2929,4128,-698,501,1199
yellow,1574,2272,1073,5201,3627,2929,4128,-698,501,1199
yellow,1574,2272,1073,5201,3627,2929,4128,-698,501,1199
yellow,1574,2272,1073,5201,3627,2929,4128,-698,501,1199
yellow,1574,2272,1073,5201,3627,2929,4128,-698,501,1199
yellow,1574,2272,1073,5201,3627,2929,4128,-698,501,1199
yellow,1574,2272,1073,5201,3627,2929,4128,-698,501,1199
yellow,1574,2272,1073,5201,3627,2929,4128,-698,501,1199
yellow,1574,2272,1073,5201,3627,2929,4128,-698,501,1199
yellow,1574,2272,1073,5201,3627,2929,4128,-698,501,1199
yellow,1592,2532,1361,5764,4172,3232,4403,-940,231,1171
yellow,1592,2532,1361,5764,4172,3232,4403,-940,231,1171
yellow,1592,2532,1361,5764,4172,3232,4403,-940,231,1171
yellow,1592,2532,1361,5764,4172,3232,4403,-940,231,1171
yellow,1592,2532,1361,5764,4172,3232,4403,-940,231,1171
yellow,1592,2532,1361,5764,4172,3232,4403,-940,231,1171
yellow,1592,2532,1361,5764,4172,3232,4403,-940,231,1171
yellow,1592,2532,1361,5764,4172,3232,4403,-940,231,1171
yellow,1592,2532,1361,5764,4172,3232,4403,-940,231,1171
yellow,1592,2532,1361,5764,4172,3232,4403,-940,231,1171
yellow,1602,2814,1489,6234,4632,3420,4745,-1212,113,1325
yellow,1602,2814,1489,6234,4632,3420,4745,-1212,113,1325
yellow,1602,2814,1489,6234,4632,3420,4745,-1212,113,1325
yellow,1602,2814,1489,6234,4632,3420,4745,-1212,113,1325
yellow,1602,2814,1489,6234,4632,3420,4745,-1212,113,1325
yellow,1602,2814,1489,6234,4632,3420,4745,-1212,113,1325
yellow,1602,2814,1489,6234,4632,3420,4745,-1212,113,1325
yellow,1602,2814,1489,6234,4632,3420,4745,-1212,113,1325
yellow,1602,2814,1489,6234,4632,3420,4745,-1212,113,1325
yellow,1602,2814,1489,6234,4632,3420,4745,-1212,113,1325
yellow,1602,2814,1489,6234,4632,3420,4745,-1212,113,1325
yellow,1602,2814,1489,6234,4632,3420,4745,-1212,113,1325
yellow,1602,2814,1489,6234,4632,3420,4745,-1212,113,1325
yellow,1602,2814,1489,6234,4632,3420,4745,-1212,113,1325
yellow,1602,2814,1489,6234,4632,3420,4745,-1212,113,1325
yellow,1602,2814,1489,6234,4632,3420,4745,-1212,113,1325
yellow,1602,2814,1489,6234,4632,3420,4745,-1212,113,1325
yellow,1602,2814,1489,6234,4632,3420,4745,-1212,113,1325
yellow,1602,2814,1489,6234,4632,3420,4745,-1212,113,1325
yellow,1602,2814,1489,6234,4632,3420,4745,-1212,113,1325
yellow,1602,2814,1489,6234,4632,3420,4745,-1212,113,1325
yellow,1602,2814,1489,6234,4632,3420,4745,-1212,113,1325
yellow,1602,2814,1489,6234,4632,3420,4745,-1212,113,1325
yellow,1602,2814,1489,6234,4632,3420,4745,-1212,113,1325
yellow,1602,2814,1489,6234,4632,3420,4745,-1212,113,1325
yellow,1602,2814,1489,6234,4632,3420,4745,-1212,113,1325
yellow,1602,2814,1489,6234,4632,3420,4745,-1212,113,1325
yellow,1602,2814,1489,6234,4632,3420,4745,-1212,113,1325
yellow,1602,2814,1489,6234,4632,3420,4745,-1212,113,1325
yellow,1602,2814,1489,6234,4632,3420,4745,-1212,113,1325
yellow,1602,2814,1489,6234,4632,3420,4745,-1212,113,1325
yellow,1602,2814,1489,6234,4632,3420,4745,-1212,113,1325
yellow,1602,2814,1489,6234,4632,3420,4745,-1212,113,1325
yellow,1602,2814,1489,6234,4632,3420,4745,-1212,113,1325
yellow,1602,2814,1489,6234,4632,3420,4745,-1212,113,1325
yellow,1602,2814,1489,6234,4632,3420,4745,-1212,113,1325
yellow,1602,2814,1489,6234,4632,3420,4745,-1212,113,1325
yellow,1602,2814,1489,6234,4632,3420,4745,-1212,113,1325
yellow,1602,2814,1489,6234,4632,3420,4745,-1212,113,1325
yellow,1602,2814,1489,6234,4632,3420,4745,-1212,113,1325
yellow,1602,2814,1489,6234,4632,3420,4745,-1212,113,1325
yellow,1602,2814,1489,6234,4632,3420,4745,-1212,113,1325
yellow,1602,2814,1489,6234,4632,3420,4745,-1212,113,1325
yellow,1602,2814,1489,6234,4632,3420,4745,-1212,113,1325
yellow,1602,2814,1489,6234,4632,3420,4745,-1212,113,1325
yellow,1602,2814,1489,6234,4632,3420,4745,-1212,113,1325
yellow,1602,2814,1489,6234,4632,3420,4745,-1212,113,1325
yellow,1602,2814,1489,6234,4632,3420,4745,-1212,113,1325
yellow,1602,2814,1489,6234,4632,3420,4745,-1212,113,1325
yellow,1602,2814,1489,6234,4632,3420,4745,-1212,113,1325
yellow,1464,2182,1173,5240,3776,3058,4067,-718,291,1009
yellow,1464,2182,1173,5240,3776,3058,4067,-718,291,1009
yellow,1464,2182,1173,5240,3776,3058,4067,-718,291,1009
yellow,1464,2182,1173,5240,3776,3058,4067,-718,291,1009
yellow,1464,2182,1173,5240,3776,3058,4067,-718,291,1009
yellow,1464,2182,1173,5240,3776,3058,4067,-718,291,1009
yellow,1464,2182,1173,5240,3776,3058,4067,-718,291,1009
yellow,1464,2182,1173,5240,3776,3058,4067,-718,291,1009
yellow,1464,2182,1173,5240,3776,3058,4067,-718,291,1009
yellow,1464,2182,1173,5240,3776,3058,4067,-718,291,1009
yellow,1464,2182,1173,5240,3776,3058,4067,-718,291,1009
yellow,1464,2182,1173,5240,3776,3058,4067,-718,291,1009
yellow,1464,2182,1173,5240,3776,3058,4067,-718,291,1009
yellow,1464,2182,1173,5240,3776,3058,4067,-718,291,1009
yellow,1464,2182,1173,5240,3776,3058,4067,-718,291,1009
yellow,1464,2182,1173,5240,3776,3058,4067,-718,291,1009
yellow,1464,2182,1173,5240,3776,3058,4067,-718,291,1009
yellow,1464,2182,1173,5240,3776,3058,4067,-718,291,1009
yellow,1464,2182,1173,5240,3776,3058,4067,-718,291,1009
yellow,1464,2182,1173,5240,3776,3058,4067,-718,291,1009
yellow,1399,1969,1075,4643,3244,2674,3568,-570,324,894
yellow,1399,1969,1075,4643,3244,2674,3568,-570,324,894
yellow,1399,1969,1075,4643,3244,2674,3568,-570,324,894
yellow,1399,1969,1075,4643,3244,2674,3568,-570,324,894
yellow,1399,1969,1075,4643,3244,2674,3568,-570,324,894
yellow,1399,1969,1075,4643,3244,2674,3568,-570,324,894
yellow,1399,1969,1075,4643,3244,2674,3568,-570,324,894
yellow,1399,1969,1075,4643,3244,2674,3568,-570,324,894
yellow,1399,1969,1075,4643,3244,2674,3568,-570,324,894
yellow,1399,1969,1075,4643,3244,2674,3568,-570,324,894
yellow,1399,1969,1075,4643,3244,2674,3568,-570,324,894
yellow,1399,1969,1075,4643,3244,2674,3568,-570,324,894
yellow,1399,1969,1075,4643,3244,2674,3568,-570,324,894
yellow,1399,1969,1075,4643,3244,2674,3568,-570,324,894
yellow,1399,1969,1075,4643,3244,2674,3568,-570,324,894
yellow,1399,1969,1075,4643,3244,2674,3568,-570,324,894
yellow,1399,1969,1075,4643,3244,2674,3568,-570,324,894
yellow,1399,1969,1075,4643,3244,2674,3568,-570,324,894
yellow,1399,1969,1075,4643,3244,2674,3568,-570,324,894
yellow,1399,1969,1075,4643,3244,2674,3568,-570,324,894
yellow,1399,1969,1075,4643,3244,2674,3568,-570,324,894
yellow,1399,1969,1075,4643,3244,2674,3568,-570,324,894
yellow,1399,1969,1075,4643,3244,2674,3568,-570,324,894
yellow,1399,1969,1075,4643,3244,2674,3568,-570,324,894
yellow,1399,1969,1075,4643,3244,2674,3568,-570,324,894
yellow,1399,1969,1075,4643,3244,2674,3568,-570,324,894
yellow,1399,1969,1075,4643,3244,2674,3568,-570,324,894
yellow,1399,1969,1075,4643,3244,2674,3568,-570,324,894
yellow,1399,1969,1075,4643,3244,2674,3568,-570,324,894
yellow,1399,1969,1075,4643,3244,2674,3568,-570,324,894
yellow,1399,1969,1075,4643,3244,2674,3568,-570,324,894
yellow,1399,1969,1075,4643,3244,2674,3568,-570,324,894
yellow,1399,1969,1075,4643,3244,2674,3568,-570,324,894
yellow,1399,1969,1075,4643,3244,2674,3568,-570,324,894
yellow,1399,1969,1075,4643,3244,2674,3568,-570,324,894
yellow,1399,1969,1075,4643,3244,2674,3568,-570,324,894
yellow,1399,1969,1075,4643,3244,2674,3568,-570,324,894
yellow,1399,1969,1075,4643,3244,2674,3568,-570,324,894
yellow,1399,1969,1075,4643,3244,2674,3568,-570,324,894
yellow,1399,1969,1075,4643,3244,2674,3568,-570,324,894
yellow,1511,2531,1383,5948,4437,3417,4565,-1020,128,1148
yellow,1511,2531,1383,5948,4437,3417,4565,-1020,128,1148
yellow,1511,2531,1383,5948,4437,3417,4565,-1020,128,1148
yellow,1511,2531,1383,5948,4437,3417,4565,-1020,128,1148
yellow,1511,2531,1383,5948,4437,3417,4565,-1020,128,1148
yellow,1511,2531,1383,5948,4437,3417,4565,-1020,128,1148
yellow,1511,2531,1383,5948,4437,3417,4565,-1020,128,1148
yellow,1511,2531,1383,5948,4437,3417,4565,-1020,128,1148
yellow,1511,2531,1383,5948,4437,3417,4565,-1020,128,1148
yellow,1511,2531,1383,5948,4437,3417,4565,-1020,128,1148
yellow,1511,2531,1383,5948,4437,3417,4565,-1020,128,1148
yellow,1511,2531,1383,5948,4437,3417,4565,-1020,128,1148
yellow,1511,2531,1383,5948,4437,3417,4565,-1020,128,1148
yellow,1511,2531,1383,5948,4437,3417,4565,-1020,128,1148
yellow,1511,2531,1383,5948,4437,3417,4565,-1020,128,1148
yellow,1511,2531,1383,5948,4437,3417,4565,-1020,128,1148
yellow,1511,2531,1383,5948,4437,3417,4565,-1020,128,1148
yellow,1511,2531,1383,5948,4437,3417,4565,-1020,128,1148
yellow,1511,2531,1383,5948,4437,3417,4565,-1020,128,1148
yellow,1511,2531,1383,5948,4437,3417,4565,-1020,128,1148
yellow,1511,2593,1385,5948,4437,3355,4563,-1082,126,1208
yellow,1511,2593,1385,5948,4437,3355,4563,-1082,126,1208
yellow,1511,2593,1385,5948,4437,3355,4563,-1082,126,1208
yellow,1511,2593,1385,5948,4437,3355,4563,-1082,126,1208
yellow,1511,2593,1385,5948,4437,3355,4563,-1082,126,1208
yellow,1511,2593,1385,5948,4437,3355,4563,-1082,126,1208
yellow,1511,2593,1385,5948,4437,3355,4563,-1082,126,1208
yellow,1511,2593,1385,5948,4437,3355,4563,-1082,126,1208
yellow,1511,2593,1385,5948,4437,3355,4563,-1082,126,1208
yellow,1511,2593,1385,5948,4437,3355,4563,-1082,126,1208
yellow,1525,2593,1385,5948,4423,3355,4563,-1068,140,1208
yellow,1525,2593,1385,5948,4423,3355,4563,-1068,140,1208
yellow,1525,2593,1385,5948,4423,3355,4563,-1068,140,1208
yellow,1525,2593,1385,5948,4423,3355,4563,-1068,140,1208
yellow,1525,2593,1385,5948,4423,3355,4563,-1068,140,1208
yellow,1525,2593,1385,5948,4423,3355,4563,-1068,140,1208
yellow,1525,2593,1385,5948,4423,3355,4563,-1068,140,1208
yellow,1525,2593,1385,5948,4423,3355,4563,-1068,140,1208
yellow,1525,2593,1385,5948,4423,3355,4563,-1068,140,1208
yellow,1525,2593,1385,5948,4423,3355,4563,-1068,140,1208
yellow,1511,2288,1227,5101,3590,2813,3874,-777,284,1061
yellow,1511,2288,1227,5101,3590,2813,3874,-777,284,1061
yellow,1511,2288,1227,5101,3590,2813,3874,-777,284,1061
yellow,1511,2288,1227,5101,3590,2813,3874,-777,284,1061
yellow,1511,2288,1227,5101,3590,2813,3874,-777,284,1061
yellow,1511,2288,1227,5101,3590,2813,3874,-777,284,1061
yellow,1511,2288,1227,5101,3590,2813,3874,-777,284,1061
yellow,1511,2288,1227,5101,3590,2813,3874,-777,284,1061
yellow,1511,2288,1227,5101,3590,2813,3874,-777,284,1061
yellow,1511,2288,1227,5101,3590,2813,3874,-777,284,1061
yellow,1464,2227,1171,5022,3558,2795,3851,-763,293,1056
yellow,1464,2227,1171,5022,3558,2795,3851,-763,293,1056
yellow,1464,2227,1171,5022,3558,2795,3851,-763,293,1056
yellow,1464,2227,1171,5022,3558,2795,3851,-763,293,1056
yellow,1464,2227,1171,5022,3558,2795,3851,-763,293,1056
yellow,1464,2227,1171,5022,3558,2795,3851,-763,293,1056
yellow,1464,2227,1171,5022,3558,2795,3851,-763,293,1056
yellow,1464,2227,1171,5022,3558,2795,3851,-763,293,1056
yellow,1464,2227,1171,5022,3558,2795,3851,-763,293,1056
yellow,1464,2227,1171,5022,3558,2795,3851,-763,293,1056
yellow,1464,2227,1171,5022,3558,2795,3851,-763,293,1056
yellow,1464,2227,1171,5022,3558,2795,3851,-763,293,1056
yellow,1464,2227,1171,5022,3558,2795,3851,-763,293,1056
yellow,1464,2227,1171,5022,3558,2795,3851,-763,293,1056
yellow,1464,2227,1171,5022,3558,2795,3851,-763,293,1056
yellow,1464,2227,1171,5022,3558,2795,3851,-763,293,1056
yellow,1464,2227,1171,5022,3558,2795,3851,-763,293,1056
yellow,1464,2227,1171,5022,3558,2795,3851,-763,293,1056
yellow,1464,2227,1171,5022,3558,2795,3851,-763,293,1056
yellow,1464,2227,1171,5022,3558,2795,3851,-763,293,1056
yellow,1464,2227,1171,5022,3558,2795,3851,-763,293,1056
yellow,1464,2227,1171,5022,3558,2795,3851,-763,293,1056
yellow,1464,2227,1171,5022,3558,2795,3851,-763,293,1056
yellow,1464,2227,1171,5022,3558,2795,3851,-763,293,1056
yellow,1464,2227,1171,5022,3558,2795,3851,-763,293,1056
yellow,1464,2227,1171,5022,3558,2795,3851,-763,293,1056
yellow,1464,2227,1171,5022,3558,2795,3851,-763,293,1056
yellow,1464,2227,1171,5022,3558,2795,3851,-763,293,1056
yellow,1464,2227,1171,5022,3558,2795,3851,-763,293,1056
yellow,1464,2227,1171,5022,3558,2795,3851,-763,293,1056
yellow,1525,2288,1171,5101,3576,2813,3930,-763,354,1117
yellow,1525,2288,1171,5101,3576,2813,3930,-763,354,1117
yellow,1525,2288,1171,5101,3576,2813,3930,-763,354,1117
yellow,1525,2288,1171,5101,3576,2813,3930,-763,354,1117
yellow,1525,2288,1171,5101,3576,2813,3930,-763,354,1117
yellow,1525,2288,1171,5101,3576,2813,3930,-763,354,1117
yellow,1525,2288,1171,5101,3576,2813,3930,-763,354,1117
yellow,1525,2288,1171,5101,3576,2813,3930,-763,354,1117
yellow,1525,2288,1171,5101,3576,2813,3930,-763,354,1117
yellow,1525,2288,1171,5101,3576,2813,3930,-763,354,1117
yellow,1525,2288,1171,5101,3576,2813,3930,-763,354,1117
yellow,1525,2288,1171,5101,3576,2813,3930,-763,354,1117
yellow,1525,2288,1171,5101,3576,2813,3930,-763,354,1117
yellow,1525,2288,1171,5101,3576,2813,3930,-763,354,1117
yellow,1525,2288,1171,5101,3576,2813,3930,-763,354,1117
yellow,1525,2288,1171,5101,3576,2813,3930,-763,354,1117
yellow,1525,2288,1171,5101,3576,2813,3930,-763,354,1117
yellow,1525,2288,1171,5101,3576,2813,3930,-763,354,1117
yellow,1525,2288,1171,5101,3576,2813,3930,-763,354,1117
yellow,2110,3239,1688,7470,5360,4231,5782,-1129,422,1551
yellow,2110,3239,1688,7470,5360,4231,5782,-1129,422,1551
yellow,2110,3239,1688,7470,5360,4231,5782,-1129,422,1551
yellow,2110,3239,1688,7470,5360,4231,5782,-1129,422,1551
yellow,2110,3239,1688,7470,5360,4231,5782,-1129,422,1551
yellow,2110,3239,1688,7470,5360,4231,5782,-1129,422,1551
yellow,2110,3239,1688,7470,5360,4231,5782,-1129,422,1551
yellow,2110,3239,1688,7470,5360,4231,5782,-1129,422,1551
yellow,2110,3239,1688,7470,5360,4231,5782,-1129,422,1551
yellow,2110,3239,1688,7470,5360,4231,5782,-1129,422,1551
yellow,2110,3239,1688,7470,5360,4231,5782,-1129,422,1551
yellow,2110,3239,1688,7470,5360,4231,5782,-1129,422,1551
yellow,2110,3239,1688,7470,5360,4231,5782,-1129,422,1551
yellow,2110,3239,1688,7470,5360,4231,5782,-1129,422,1551
yellow,2110,3239,1688,7470,5360,4231,5782,-1129,422,1551
yellow,2110,3239,1688,7470,5360,4231,5782,-1129,422,1551
yellow,2110,3239,1688,7470,5360,4231,5782,-1129,422,1551
yellow,2110,3239,1688,7470,5360,4231,5782,-1129,422,1551
yellow,2110,3239,1688,7470,5360,4231,5782,-1129,422,1551
yellow,2110,3239,1688,7470,5360,4231,5782,-1129,422,1551
yellow,2110,3239,1688,7470,5360,4231,5782,-1129,422,1551
yellow,2110,3239,1688,7470,5360,4231,5782,-1129,422,1551
yellow,2110,3239,1688,7470,5360,4231,5782,-1129,422,1551
yellow,2110,3239,1688,7470,5360,4231,5782,-1129,422,1551
yellow,2110,3239,1688,7470,5360,4231,5782,-1129,422,1551
yellow,2110,3239,1688,7470,5360,4231,5782,-1129,422,1551
yellow,2110,3239,1688,7470,5360,4231,5782,-1129,422,1551
yellow,2110,3239,1688,7470,5360,4231,5782,-1129,422,1551
yellow,2110,3239,1688,7470,5360,4231,5782,-1129,422,1551
yellow,2110,3239,1688,7470,5360,4231,5782,-1129,422,1551
yellow,2110,3239,1688,7470,5360,4231,5782,-1129,422,1551
yellow,2110,3239,1688,7470,5360,4231,5782,-1129,422,1551
yellow,2110,3239,1688,7470,5360,4231,5782,-1129,422,1551
yellow,2110,3239,1688,7470,5360,4231,5782,-1129,422,1551
yellow,2110,3239,1688,7470,5360,4231,5782,-1129,422,1551
yellow,2110,3239,1688,7470,5360,4231,5782,-1129,422,1551
yellow,2110,3239,1688,7470,5360,4231,5782,-1129,422,1551
yellow,2110,3239,1688,7470,5360,4231,5782,-1129,422,1551
yellow,2110,3239,1688,7470,5360,4231,5782,-1129,422,1551
yellow,1663,2896,1572,6443,4780,3547,4871,-1233,91,1324
yellow,1663,2896,1572,6443,4780,3547,4871,-1233,91,1324
yellow,1663,2896,1572,6443,4780,3547,4871,-1233,91,1324
yellow,1663,2896,1572,6443,4780,3547,4871,-1233,91,1324
yellow,1663,2896,1572,6443,4780,3547,4871,-1233,91,1324
yellow,1663,2896,1572,6443,4780,3547,4871,-1233,91,1324
yellow,1663,2896,1572,6443,4780,3547,4871,-1233,91,1324
yellow,1663,2896,1572,6443,4780,3547,4871,-1233,91,1324
yellow,1663,2896,1572,6443,4780,3547,4871,-1233,91,1324
yellow,1663,2896,1572,6443,4780,3547,4871,-1233,91,1324
yellow,1582,2550,1340,5895,4313,3345,4555,-968,242,1210
yellow,1582,2550,1340,5895,4313,3345,4555,-968,242,1210
yellow,1582,2550,1340,5895,4313,3345,4555,-968,242,1210
yellow,1582,2550,1340,5895,4313,3345,4555,-968,242,1210
yellow,1582,2550,1340,5895,4313,3345,4555,-968,242,1210
yellow,1582,2550,1340,5895,4313,3345,4555,-968,242,1210
yellow,1582,2550,1340,5895,4313,3345,4555,-968,242,1210
yellow,1582,2550,1340,5895,4313,3345,4555,-968,242,1210
yellow,1582,2550,1340,5895,4313,3345,4555,-968,242,1210
yellow,1582,2550,1340,5895,4313,3345,4555,-968,242,1210
yellow,1398,2065,1168,4804,3406,2739,3636,-667,230,897
yellow,1398,2065,1168,4804,3406,2739,3636,-667,230,897
yellow,1398,2065,1168,4804,3406,2739,3636,-667,230,897
yellow,1398,2065,1168,4804,3406,2739,3636,-667,230,897
yellow,1398,2065,1168,4804,3406,2739,3636,-667,230,897
yellow,1398,2065,1168,4804,3406,2739,3636,-667,230,897
yellow,1398,2065,1168,4804,3406,2739,3636,-667,230,897
yellow,1398,2065,1168,4804,3406,2739,3636,-667,230,897
yellow,1398,2065,1168,4804,3406,2739,3636,-667,230,897
yellow,1398,2065,1168,4804,3406,2739,3636,-667,230,897
yellow,1257,1967,1114,4579,3322,2612,3465,-710,143,853
yellow,1257,1967,1114,4579,3322,2612,3465,-710,143,853
yellow,1257,1967,1114,4579,3322,2612,3465,-710,143,853
yellow,1257,1967,1114,4579,3322,2612,3465,-710,143,853
yellow,1257,1967,1114,4579,3322,2612,3465,-710,143,853
yellow,1257,1967,1114,4579,3322,2612,3465,-710,143,853
yellow,1257,1967,1114,4579,3322,2612,3465,-710,143,853
yellow,1257,1967,1114,4579,3322,2612,3465,-710,143,853
yellow,1257,1967,1114,4579,3322,2612,3465,-710,143,853
yellow,1257,1967,1114,4579,3322,2612,3465,-710,143,853
yellow,1156,1702,964,4036,2880,2334,3072,-546,192,738
yellow,1156,1702,964,4036,2880,2334,3072,-546,192,738
yellow,1156,1702,964,4036,2880,2334,3072,-546,192,738
yellow,1156,1702,964,4036,2880,2334,3072,-546,192,738
yellow,1156,1702,964,4036,2880,2334,3072,-546,192,738
yellow,1156,1702,964,4036,2880,2334,3072,-546,192,738
yellow,1156,1702,964,4036,2880,2334,3072,-546,192,738
yellow,1156,1702,964,4036,2880,2334,3072,-546,192,738
yellow,1156,1702,964,4036,2880,2334,3072,-546,192,738
yellow,1156,1702,964,4036,2880,2334,3072,-546,192,738
yellow,1156,1702,964,4036,2880,2334,3072,-546,192,738
yellow,1156,1702,964,4036,2880,2334,3072,-546,192,738
yellow,1156,1702,964,4036,2880,2334,3072,-546,192,738
yellow,1156,1702,964,4036,2880,2334,3072,-546,192,738
yellow,1156,1702,964,4036,2880,2334,3072,-546,192,738
yellow,1156,1702,964,4036,2880,2334,3072,-546,192,738
yellow,1156,1702,964,4036,2880,2334,3072,-546,192,738
yellow,1156,1702,964,4036,2880,2334,3072,-546,192,738
yellow,1156,1702,964,4036,2880,2334,3072,-546,192,738
yellow,1156,1702,964,4036,2880,2334,3072,-546,192,738
yellow,1063,1612,916,3789,2726,2177,2873,-549,147,696
yellow,1063,1612,916,3789,2726,2177,2873,-549,147,696
yellow,1063,1612,916,3789,2726,2177,2873,-549,147,696
yellow,1063,1612,916,3789,2726,2177,2873,-549,147,696
yellow,1063,1612,916,3789,2726,2177,2873,-549,147,696
yellow,1063,1612,916,3789,2726,2177,2873,-549,147,696
yellow,1063,1612,916,3789,2726,2177,2873,-549,147,696
yellow,1063,1612,916,3789,2726,2177,2873,-549,147,696
yellow,1063,1612,916,3789,2726,2177,2873,-549,147,696
yellow,1063,1612,916,3789,2726,2177,2873,-549,147,696
yellow,1063,1612,916,3789,2726,2177,2873,-549,147,696
yellow,1063,1612,916,3789,2726,2177,2873,-549,147,696
yellow,1063,1612,916,3789,2726,2177,2873,-549,147,696
yellow,1063,1612,916,3789,2726,2177,2873,-549,147,696
yellow,1063,1612,916,3789,2726,2177,2873,-549,147,696
yellow,1063,1612,916,3789,2726,2177,2873,-549,147,696
yellow,1063,1612,916,3789,2726,2177,2873,-549,147,696
yellow,1063,1612,916,3789,2726,2177,2873,-549,147,696
yellow,1063,1612,916,3789,2726,2177,2873,-549,147,696
yellow,1063,1612,916,3789,2726,2177,2873,-549,147,696
yellow,1063,1612,916,3789,2726,2177,2873,-549,147,696
yellow,1063,1612,916,3789,2726,2177,2873,-549,147,696
yellow,1063,1612,916,3789,2726,2177,2873,-549,147,696
yellow,1063,1612,916,3789,2726,2177,2873,-549,147,696
yellow,1063,1612,916,3789,2726,2177,2873,-549,147,696
yellow,1063,1612,916,3789,2726,2177,2873,-549,147,696
yellow,1063,1612,916,3789,2726,2177,2873,-549,147,696
yellow,1063,1612,916,3789,2726,2177,2873,-549,147,696
yellow,1063,1612,916,3789,2726,2177,2873,-549,147,696
yellow,1063,1612,916,3789,2726,2177,2873,-549,147,696
yellow,1063,1612,916,3789,2726,2177,2873,-549,147,696
yellow,1063,1612,916,3789,2726,2177,2873,-549,147,696
yellow,1063,1612,916,3789,2726,2177,2873,-549,147,696
yellow,1063,1612,916,3789,2726,2177,2873,-549,147,696
yellow,1063,1612,916,3789,2726,2177,2873,-549,147,696
yellow,1063,1612,916,3789,2726,2177,2873,-549,147,696
yellow,1063,1612,916,3789,2726,2177,2873,-549,147,696
yellow,1063,1612,916,3789,2726,2177,2873,-549,147,696
yellow,1063,1612,916,3789,2726,2177,2873,-549,147,696
yellow,1063,1612,916,3789,2726,2177,2873,-549,147,696
yellow,1086,1651,940,3878,2792,2227,2938,-565,146,711
yellow,1086,1651,940,3878,2792,2227,2938,-565,146,711
yellow,1086,1651,940,3878,2792,2227,2938,-565,146,711
yellow,1086,1651,940,3878,2792,2227,2938,-565,146,711
yellow,1086,1651,940,3878,2792,2227,2938,-565,146,711
yellow,1086,1651,940,3878,2792,2227,2938,-565,146,711
yellow,1086,1651,940,3878,2792,2227,2938,-565,146,711
yellow,1086,1651,940,3878,2792,2227,2938,-565,146,711
yellow,1086,1651,940,3878,2792,2227,2938,-565,146,711
yellow,1086,1651,940,3878,2792,2227,2938,-565,146,711
yellow,1098,1673,955,3929,2831,2256,2974,-575,143,718
yellow,1098,1673,955,3929,2831,2256,2974,-575,143,718
yellow,1098,1673,955,3929,2831,2256,2974,-575,143,718
yellow,1098,1673,955,3929,2831,2256,2974,-575,143,718
yellow,1098,1673,955,3929,2831,2256,2974,-575,143,718
yellow,1098,1673,955,3929,2831,2256,2974,-575,143,718
yellow,1098,1673,955,3929,2831,2256,2974,-575,143,718
yellow,1098,1673,955,3929,2831,2256,2974,-575,143,718
yellow,1098,1673,955,3929,2831,2256,2974,-575,143,718
yellow,1098,1673,955,3929,2831,2256,2974,-575,143,718
yellow,1098,1673,955,3929,2831,2256,2974,-575,143,718
yellow,1098,1673,955,3929,2831,2256,2974,-575,143,718
yellow,1098,1673,955,3929,2831,2256,2974,-575,143,718
yellow,1098,1673,955,3929,2831,2256,2974,-575,143,718
yellow,1098,1673,955,3929,2831,2256,2974,-575,143,718
yellow,1098,1673,955,3929,2831,2256,2974,-575,143,718
yellow,1098,1673,955,3929,2831,2256,2974,-575,143,718
yellow,1098,1673,955,3929,2831,2256,2974,-575,143,718
yellow,1098,1673,955,3929,2831,2256,2974,-575,143,718
yellow,1098,1673,955,3929,2831,2256,2974,-575,143,718
yellow,1098,1673,955,3929,2831,2256,2974,-575,143,718
yellow,1098,1673,955,3929,2831,2256,2974,-575,143,718
yellow,1098,1673,955,3929,2831,2256,2974,-575,143,718
yellow,1098,1673,955,3929,2831,2256,2974,-575,143,718
yellow,1098,1673,955,3929,2831,2256,2974,-575,143,718
yellow,1098,1673,955,3929,2831,2256,2974,-575,143,718
yellow,1098,1673,955,3929,2831,2256,2974,-575,143,718
yellow,1098,1673,955,3929,2831,2256,2974,-575,143,718
yellow,1098,1673,955,3929,2831,2256,2974,-575,143,718
yellow,1098,1673,955,3929,2831,2256,2974,-575,143,718
yellow,1098,1673,955,3929,2831,2256,2974,-575,143,718
yellow,1098,1673,955,3929,2831,2256,2974,-575,143,718
yellow,1098,1673,955,3929,2831,2256,2974,-575,143,718
yellow,1098,1673,955,3929,2831,2256,2974,-575,143,718
yellow,1098,1673,955,3929,2831,2256,2974,-575,143,718
yellow,1098,1673,955,3929,2831,2256,2974,-575,143,718
yellow,1098,1673,955,3929,2831,2256,2974,-575,143,718
yellow,1098,1673,955,3929,2831,2256,2974,-575,143,718
yellow,1098,1673,955,3929,2831,2256,2974,-575,143,718
yellow,1098,1673,955,3929,2831,2256,2974,-575,143,718
yellow,1098,1673,955,3929,2831,2256,2974,-575,143,718
yellow,1098,1673,955,3929,2831,2256,2974,-575,143,718
yellow,1098,1673,955,3929,2831,2256,2974,-575,143,718
yellow,1098,1673,955,3929,2831,2256,2974,-575,143,718
yellow,1098,1673,955,3929,2831,2256,2974,-575,143,718
yellow,1098,1673,955,3929,2831,2256,2974,-575,143,718
yellow,1098,1673,955,3929,2831,2256,2974,-575,143,718
yellow,1098,1673,955,3929,2831,2256,2974,-575,143,718
yellow,1098,1673,955,3929,2831,2256,2974,-575,143,718
yellow,1098,1673,955,3929,2831,2256,2974,-575,143,718
yellow,1098,1673,955,3929,2831,2256,2974,-575,143,718
yellow,1098,1673,955,3929,2831,2256,2974,-575,143,718
yellow,1098,1673,955,3929,2831,2256,2974,-575,143,718
yellow,1098,1673,955,3929,2831,2256,2974,-575,143,718
yellow,1098,1673,955,3929,2831,2256,2974,-575,143,718
yellow,1098,1673,955,3929,2831,2256,2974,-575,143,718
yellow,1098,1673,955,3929,2831,2256,2974,-575,143,718
yellow,1098,1673,955,3929,2831,2256,2974,-575,143,718
yellow,1098,1673,955,3929,2831,2256,2974,-575,143,718
yellow,1098,1673,955,3929,2831,2256,2974,-575,143,718
yellow,1098,1673,955,3930,2832,2257,2975,-575,143,718
yellow,1098,1673,955,3930,2832,2257,2975,-575,143,718
yellow,1098,1673,955,3930,2832,2257,2975,-575,143,718
yellow,1098,1673,955,3930,2832,2257,2975,-575,143,718
yellow,1098,1673,955,3930,2832,2257,2975,-575,143,718
yellow,1098,1673,955,3930,2832,2257,2975,-575,143,718
yellow,1098,1673,955,3930,2832,2257,2975,-575,143,718
yellow,1098,1673,955,3930,2832,2257,2975,-575,143,718
yellow,1098,1673,955,3930,2832,2257,2975,-575,143,718
yellow,1098,1673,955,3930,2832,2257,2975,-575,143,718
yellow,1098,1673,955,3930,2832,2257,2975,-575,143,718
yellow,1098,1673,955,3930,2832,2257,2975,-575,143,718
yellow,1098,1673,955,3930,2832,2257,2975,-575,143,718
yellow,1098,1673,955,3930,2832,2257,2975,-575,143,718
yellow,1098,1673,955,3930,2832,2257,2975,-575,143,718
yellow,1098,1673,955,3930,2832,2257,2975,-575,143,718
yellow,1098,1673,955,3930,2832,2257,2975,-575,143,718
yellow,1098,1673,955,3930,2832,2257,2975,-575,143,718
yellow,1098,1673,955,3930,2832,2257,2975,-575,143,718
yellow,1098,1673,955,3930,2832,2257,2975,-575,143,718
yellow,1098,1673,955,3930,2832,2257,2975,-575,143,718
yellow,1098,1673,955,3930,2832,2257,2975,-575,143,718
yellow,1098,1673,955,3930,2832,2257,2975,-575,143,718
yellow,1098,1673,955,3930,2832,2257,2975,-575,143,718
yellow,1098,1673,955,3930,2832,2257,2975,-575,143,718
yellow,1098,1673,955,3930,2832,2257,2975,-575,143,718
yellow,1098,1673,955,3930,2832,2257,2975,-575,143,718
yellow,1098,1673,955,3930,2832,2257,2975,-575,143,718
yellow,1098,1673,955,3930,2832,2257,2975,-575,143,718
yellow,1098,1673,955,3930,2832,2257,2975,-575,143,718
yellow,1098,1673,955,3930,2832,2257,2975,-575,143,718
yellow,1098,1673,955,3930,2832,2257,2975,-575,143,718
yellow,1098,1673,955,3930,2832,2257,2975,-575,143,718
yellow,1098,1673,955,3930,2832,2257,2975,-575,143,718
yellow,1098,1673,955,3930,2832,2257,2975,-575,143,718
yellow,1098,1673,955,3930,2832,2257,2975,-575,143,718
yellow,1098,1673,955,3930,2832,2257,2975,-575,143,718
yellow,1098,1673,955,3930,2832,2257,2975,-575,143,718
yellow,1098,1673,955,3930,2832,2257,2975,-575,143,718
yellow,1098,1673,955,3930,2832,2257,2975,-575,143,718
yellow,1098,1673,955,3930,2832,2257,2975,-575,143,718
yellow,1098,1673,955,3930,2832,2257,2975,-575,143,718
yellow,1098,1673,955,3930,2832,2257,2975,-575,143,718
yellow,1098,1673,955,3930,2832,2257,2975,-575,143,718
yellow,1098,1673,955,3930,2832,2257,2975,-575,143,718
yellow,1098,1673,955,3930,2832,2257,2975,-575,143,718
yellow,1098,1673,955,3930,2832,2257,2975,-575,143,718
yellow,1098,1673,955,3930,2832,2257,2975,-575,143,718
yellow,1098,1673,955,3930,2832,2257,2975,-575,143,718
yellow,1098,1673,955,3930,2832,2257,2975,-575,143,718
